	train_cohort	test_cohort	ROC	PRC	F1	ACC	MCC	mode	best_C
0	Leave_Atezo_out	Atezo	0.5454459561602418	0.28342560659602767	0.37333333333333335	0.5540796963946869	0.0743686424875451	TIDE	0.1
1	Leave_Ipi+Nivo_out	Ipi+Nivo	0.5714285714285715	0.828608638431449	0.6086956521739131	0.5263157894736842	0.08819171036881969	TIDE	0.1
2	Leave_Ipi+Pembro_out	Ipi+Pembro	0.9930555555555555	0.9962086397058824	0.6666666666666666	0.68	0.5144957554275266	TIDE	0.1
3	Leave_Ipi_out	Ipi	1.0	0.9999999999999998	0.9285714285714286	0.9487179487179487	0.894427190999916	TIDE	0.1
4	Leave_Nivo_out	Nivo	0.500306247447938	0.2647344714933038	0.37575757575757573	0.5318181818181819	0.039944206484431304	TIDE	0.1
5	Leave_Pembro_out	Pembro	0.5337151783389743	0.3479394796885472	0.41284403669724773	0.5057915057915058	0.0039262441938007625	TIDE	0.1
6	Leave_Uknow_out	Uknow	0.47348484848484845	0.4080948684293335	0.3125	0.35294117647058826	-0.2574643252722186	TIDE	0.1
