	train_cohort	test_cohort	ROC	PRC	F1	ACC	MCC	mode	best_C
0	Leave_Atezo_out	Atezo	0.6032501889644747	0.3442413203846662	0.4139650872817955	0.5540796963946869	0.12919515705692558	CKS	0.1
1	Leave_Ipi+Nivo_out	Ipi+Nivo	0.7714285714285714	0.9237049578449954	0.7272727272727273	0.6842105263157895	0.5096471914376256	CKS	0.1
2	Leave_Ipi+Pembro_out	Ipi+Pembro	0.8194444444444444	0.9116974215202023	0.6923076923076923	0.68	0.4422689813358516	CKS	0.1
3	Leave_Ipi_out	Ipi	0.6627218934911243	0.43739257798379017	0.4827586206896552	0.6153846153846154	0.18430244519362143	CKS	0.1
4	Leave_Nivo_out	Nivo	0.5047978766843609	0.30740749290204583	0.33749999999999997	0.5181818181818182	-0.012566709245048303	CKS	0.1
5	Leave_Pembro_out	Pembro	0.5441942202551419	0.4048130567289946	0.4215686274509804	0.5444015444015444	0.052375137177472934	CKS	0.1
6	Leave_Uknow_out	Uknow	0.46590909090909083	0.41845052989585924	0.34782608695652173	0.5588235294117647	0.015477391468340885	CKS	0.1
