	train_cohort	test_cohort	ROC	PRC	F1	ACC	MCC	mode	best_C
0	Leave_BLCA_out	BLCA	0.6150032932367318	0.29059199194977614	0.4	0.6029411764705882	0.1670106754045602	Teff	0.1
1	Leave_KIRC_out	KIRC	0.6546780684104627	0.366990027754951	0.5035971223021584	0.6515151515151515	0.2619325602905696	Teff	0.1
2	Leave_LUAD_out	LUAD	0.6282894736842106	0.547054162075877	0.5	0.5882352941176471	0.15741333032053595	Teff	0.1
3	Leave_SKCM_out	SKCM	0.6031538461538462	0.4873319623149165	0.5111111111111112	0.6	0.17377556442161843	Teff	0.1
4	Leave_STAD_out	STAD	0.8181818181818182	0.7634327604240956	0.6206896551724139	0.7555555555555555	0.46296161898907995	Teff	0.1
