	train_cohort	test_cohort	ROC	PRC	F1	ACC	MCC	mode	best_C
0	Leave_CTLA4_out	CTLA4	0.6343490304709142	0.43577332805697266	0.3448275862068966	0.6666666666666666	0.16308201826336055	IFNG	0.1
1	Leave_PD1+CTLA4_out	PD1+CTLA4	0.7290322580645161	0.8309717924901601	0.5333333333333333	0.5434782608695652	0.25853332034106263	IFNG	0.1
2	Leave_PD1_out	PD1	0.5463976505587551	0.3867960660164858	0.3793103448275862	0.6334012219959266	0.12255888143598015	IFNG	0.1
3	Leave_PDL1_out	PDL1	0.608078927773641	0.33157534331356264	0.4040066777963272	0.327683615819209	0.03119706246587213	IFNG	0.1
