{"train_loss": 0.3379572927951813, "train_ssl_loss": 0.32600894570350647, "train_tsk_loss": 0.011948336847126484, "test_loss": 0.37106144428253174, "test_ssl_loss": 0.3578571677207947, "test_tsk_loss": 0.013204281218349934, "_timestamp": 1697569807.5842416, "_runtime": 379.86147356033325, "_step": 199, "gradients/taskmapper.out.bias": {"_type": "histogram", "values": [0.0, 0.0, 0.0, 0.0, 0.0, 0.0, 0.0, 0.0, 0.0, 0.0, 0.0, 0.0, 0.0, 0.0, 0.0, 0.0, 0.0, 0.0, 0.0, 0.0, 0.0, 0.0, 0.0, 0.0, 0.0, 0.0, 0.0, 0.0, 0.0, 0.0, 0.0, 0.0, 1.0, 0.0, 0.0, 0.0, 0.0, 0.0, 0.0, 0.0, 0.0, 0.0, 0.0, 0.0, 0.0, 0.0, 0.0, 0.0, 0.0, 0.0, 0.0, 0.0, 0.0, 0.0, 0.0, 0.0, 0.0, 0.0, 0.0, 0.0, 0.0, 0.0, 0.0, 0.0], "bins": [-0.00770222395658493, -0.00770222395658493, -0.00770222395658493, -0.00770222395658493, -0.00770222395658493, -0.00770222395658493, -0.00770222395658493, -0.00770222395658493, -0.00770222395658493, -0.00770222395658493, -0.00770222395658493, -0.00770222395658493, -0.00770222395658493, -0.00770222395658493, -0.00770222395658493, -0.00770222395658493, -0.00770222395658493, -0.00770222395658493, -0.00770222395658493, -0.00770222395658493, -0.00770222395658493, -0.00770222395658493, -0.00770222395658493, -0.00770222395658493, -0.00770222395658493, -0.00770222395658493, -0.00770222395658493, -0.00770222395658493, -0.00770222395658493, -0.00770222395658493, -0.00770222395658493, -0.00770222395658493, -0.00770222395658493, -0.00770222395658493, -0.00770222395658493, -0.00770222395658493, -0.00770222395658493, -0.00770222395658493, -0.00770222395658493, -0.00770222395658493, -0.00770222395658493, -0.00770222395658493, -0.00770222395658493, -0.00770222395658493, -0.00770222395658493, -0.00770222395658493, -0.00770222395658493, -0.00770222395658493, -0.00770222395658493, -0.00770222395658493, -0.00770222395658493, -0.00770222395658493, -0.00770222395658493, -0.00770222395658493, -0.00770222395658493, -0.00770222395658493, -0.00770222395658493, -0.00770222395658493, -0.00770222395658493, -0.00770222395658493, -0.00770222395658493, -0.00770222395658493, -0.00770222395658493, -0.00770222395658493, -0.00770222395658493]}, "gradients/taskmapper.out.weight": {"_type": "histogram", "values": [1.0, 1.0, 0.0, 0.0, 0.0, 0.0, 1.0, 0.0, 0.0, 0.0, 1.0, 0.0, 0.0, 0.0, 0.0, 0.0, 0.0, 0.0, 0.0, 0.0, 0.0, 1.0, 0.0, 0.0, 1.0, 0.0, 0.0, 0.0, 0.0, 0.0, 0.0, 1.0, 1.0, 0.0, 0.0, 0.0, 0.0, 0.0, 0.0, 1.0, 0.0, 0.0, 0.0, 0.0, 0.0, 0.0, 0.0, 0.0, 0.0, 0.0, 0.0, 0.0, 0.0, 0.0, 1.0, 1.0, 0.0, 0.0, 0.0, 0.0, 1.0, 0.0, 0.0, 4.0], "bins": [-0.0042517948895692825, -0.004185360390692949, -0.004118926357477903, -0.00405249185860157, -0.003986057825386524, -0.003919623326510191, -0.0038531890604645014, -0.003786754794418812, -0.003720320528373122, -0.0036538862623274326, -0.003587451996281743, -0.0035210177302360535, -0.0034545832313597202, -0.0033881489653140306, -0.003321714699268341, -0.0032552804332226515, -0.003188846167176962, -0.0031224119011312723, -0.0030559776350855827, -0.002989543369039893, -0.0029231091029942036, -0.0028566746041178703, -0.0027902403380721807, -0.002723806072026491, -0.0026573718059808016, -0.002590937539935112, -0.0025245032738894224, -0.002458069007843733, -0.0023916345089673996, -0.00232520024292171, -0.0022587659768760204, -0.002192331710830331, -0.0021258974447846413, -0.0020594631787389517, -0.001993028912693262, -0.0019265945302322507, -0.001860160264186561, -0.0017937259981408715, -0.0017272916156798601, -0.0016608573496341705, -0.001594423083588481, -0.0015279888175427914, -0.0014615545514971018, -0.0013951201690360904, -0.0013286859029904008, -0.0012622516369447112, -0.0011958172544836998, -0.0011293829884380102, -0.0010629487223923206, -0.000996514456346631, -0.0009300801320932806, -0.0008636458078399301, -0.0007972115417942405, -0.0007307772757485509, -0.0006643429514952004, -0.0005979086272418499, -0.0005314743611961603, -0.0004650400660466403, -0.00039860577089712024, -0.0003321714757476002, -0.00026573718059808016, -0.00019930288544856012, -0.00013286859029904008, -6.643429514952004e-05, 0.0]}, "gradients/taskmapper.lins.1.bias": {"_type": "histogram", "values": [1.0, 0.0, 0.0, 0.0, 0.0, 0.0, 0.0, 0.0, 0.0, 1.0, 0.0, 0.0, 0.0, 0.0, 0.0, 1.0, 0.0, 0.0, 0.0, 0.0, 0.0, 0.0, 0.0, 0.0, 0.0, 1.0, 0.0, 0.0, 0.0, 0.0, 0.0, 0.0, 0.0, 0.0, 0.0, 0.0, 0.0, 0.0, 0.0, 2.0, 0.0, 0.0, 0.0, 2.0, 0.0, 1.0, 0.0, 0.0, 0.0, 0.0, 1.0, 0.0, 0.0, 1.0, 0.0, 1.0, 0.0, 0.0, 0.0, 0.0, 0.0, 0.0, 0.0, 4.0], "bins": [-0.0023189373314380646, -0.0022827039938420057, -0.002246470656245947, -0.0022102370858192444, -0.0021740037482231855, -0.0021377704106271267, -0.002101536840200424, -0.0020653035026043653, -0.0020290701650083065, -0.0019928368274122477, -0.001956603489816189, -0.0019203699193894863, -0.0018841365817934275, -0.0018479032441973686, -0.001811669790185988, -0.0017754363361746073, -0.0017392029985785484, -0.0017029696609824896, -0.001666736206971109, -0.0016305027529597282, -0.0015942694153636694, -0.0015580360777676105, -0.0015218026237562299, -0.0014855691697448492, -0.0014493358321487904, -0.0014131024945527315, -0.0013768690405413508, -0.0013406355865299702, -0.0013044022489339113, -0.0012681689113378525, -0.0012319354573264718, -0.0011957020033150911, -0.0011594686657190323, -0.0011232353281229734, -0.0010870018741115928, -0.001050768420100212, -0.0010145350825041533, -0.0009783017449080944, -0.0009420682908967137, -0.000905834895092994, -0.0008696014992892742, -0.0008333681034855545, -0.0007971347076818347, -0.0007609013118781149, -0.0007246679160743952, -0.0006884345202706754, -0.0006522011244669557, -0.0006159677286632359, -0.0005797343328595161, -0.0005435009370557964, -0.0005072675412520766, -0.00047103414544835687, -0.0004348007496446371, -0.00039856735384091735, -0.0003623339580371976, -0.00032610056223347783, -0.00028986716642975807, -0.0002536337706260383, -0.00021740037482231855, -0.0001811669790185988, -0.00014493358321487904, -0.00010870018741115928, -7.246679160743952e-05, -3.623339580371976e-05, 0.0]}, "gradients/taskmapper.lins.1.weight": {"_type": "histogram", "values": [1.0, 0.0, 0.0, 0.0, 0.0, 1.0, 0.0, 1.0, 0.0, 2.0, 0.0, 2.0, 1.0, 0.0, 1.0, 3.0, 4.0, 0.0, 2.0, 2.0, 2.0, 3.0, 2.0, 2.0, 3.0, 3.0, 2.0, 5.0, 5.0, 6.0, 5.0, 12.0, 9.0, 12.0, 9.0, 11.0, 17.0, 14.0, 12.0, 13.0, 129.0, 26.0, 13.0, 6.0, 7.0, 5.0, 5.0, 5.0, 4.0, 2.0, 1.0, 1.0, 2.0, 1.0, 2.0, 2.0, 0.0, 1.0, 2.0, 0.0, 2.0, 0.0, 0.0, 1.0], "bins": [-0.001515555544756353, -0.0014781755162402987, -0.0014407954877242446, -0.0014034154592081904, -0.0013660353142768145, -0.0013286552857607603, -0.0012912752572447062, -0.001253895228728652, -0.0012165152002125978, -0.0011791351716965437, -0.0011417551431804895, -0.0011043751146644354, -0.0010669950861483812, -0.0010296149412170053, -0.000992234912700951, -0.000954854884184897, -0.0009174748556688428, -0.0008800948271527886, -0.0008427147986367345, -0.0008053347119130194, -0.0007679546833969653, -0.0007305746548809111, -0.000693194568157196, -0.0006558145396411419, -0.0006184345111250877, -0.0005810544826090336, -0.0005436744540929794, -0.0005062943673692644, -0.0004689143388532102, -0.00043153431033715606, -0.00039415425271727145, -0.00035677419509738684, -0.0003193941665813327, -0.00028201413806527853, -0.0002446340804453939, -0.00020725403737742454, -0.00016987399430945516, -0.00013249395124148577, -9.511390817351639e-05, -5.773385055363178e-05, -2.035382203757763e-05, 1.7026221030391753e-05, 5.4406264098361135e-05, 9.178630716633052e-05, 0.0001291663502342999, 0.00016654639330226928, 0.00020392643637023866, 0.00024130649399012327, 0.0002786865225061774, 0.0003160665510222316, 0.0003534466086421162, 0.0003908266662620008, 0.00042820669477805495, 0.0004655867232941091, 0.0005029668100178242, 0.0005403468385338783, 0.0005777268670499325, 0.0006151068955659866, 0.0006524869240820408, 0.0006898670108057559, 0.00072724703932181, 0.0007646270678378642, 0.0008020071545615792, 0.0008393871830776334, 0.0008767672115936875]},