	train_cohort	test_cohort	ROC	PRC	F1	ACC	MCC	mode	best_C
0	Leave_Atezo_out	Atezo	0.6451436130007557	0.36836895661959057	0.4415584415584416	0.5920303605313093	0.18245085949015907	Teff	0.1
1	Leave_Ipi+Nivo_out	Ipi+Nivo	0.7000000000000001	0.898195042340332	0.6956521739130435	0.631578947368421	0.32756920994133026	Teff	0.1
2	Leave_Ipi+Pembro_out	Ipi+Pembro	0.8541666666666666	0.9276499152070707	0.7407407407407406	0.72	0.4969241611489845	Teff	0.1
3	Leave_Ipi_out	Ipi	0.6686390532544378	0.4359394628899478	0.4666666666666667	0.5897435897435898	0.14625448482542613	Teff	0.1
4	Leave_Nivo_out	Nivo	0.532053899550837	0.3506480674250798	0.3096774193548387	0.5136363636363637	-0.04518232199544373	Teff	0.1
5	Leave_Pembro_out	Pembro	0.5635902108825827	0.4347998279668412	0.43396226415094347	0.5366795366795367	0.05459605470273293	Teff	0.1
6	Leave_Uknow_out	Uknow	0.5227272727272727	0.4360127203175511	0.4444444444444445	0.5588235294117647	0.08749572785196143	Teff	0.1
