	train_cohort	test_cohort	ROC	PRC	F1	ACC	MCC	mode	best_C
0	Leave_BLCA_out	BLCA	0.5643914445176275	0.24765525906996289	0.3680555555555556	0.553921568627451	0.1067639867147206	CAF	0.1
1	Leave_KIRC_out	KIRC	0.540241448692153	0.28882073705368905	0.4275862068965518	0.5808080808080808	0.13138910999968706	CAF	0.1
2	Leave_LUAD_out	LUAD	0.5666118421052633	0.453151360572129	0.44705882352941173	0.5392156862745098	0.060622177096335134	CAF	0.1
3	Leave_SKCM_out	SKCM	0.4875	0.3979727149777394	0.4299674267100977	0.4696969696969697	-0.04635387965049148	CAF	0.1
4	Leave_STAD_out	STAD	0.7171717171717171	0.6177596502104107	0.4444444444444444	0.4444444444444444	0.13636363636363635	CAF	0.1
