	train_cohort	test_cohort	ROC	PRC	F1	ACC	MCC	mode	best_C
0	Leave_Atezo_out	Atezo	0.540400604686319	0.28627313217281725	0.3616438356164384	0.5578747628083491	0.06207111897989228	TAM	0.1
1	Leave_Ipi+Nivo_out	Ipi+Nivo	0.5571428571428572	0.7553724966553913	0.4761904761904762	0.42105263157894735	-0.03912303982179758	TAM	0.1
2	Leave_Ipi+Pembro_out	Ipi+Pembro	0.2708333333333333	0.5235283552528576	0.41379310344827586	0.32	-0.38697637169562726	TAM	0.1
3	Leave_Ipi_out	Ipi	0.4556213017751479	0.2947326377111444	0.4571428571428572	0.5128205128205128	0.07312724241271307	TAM	0.1
4	Leave_Nivo_out	Nivo	0.5551245406288281	0.31213092509380164	0.37735849056603776	0.55	0.05420443288163463	TAM	0.1
5	Leave_Pembro_out	Pembro	0.628872689403801	0.4271971214220761	0.5345622119815668	0.61003861003861	0.21954815747191236	TAM	0.1
6	Leave_Uknow_out	Uknow	0.6515151515151515	0.5430642230968655	0.4666666666666666	0.5294117647058824	0.07978559231302818	TAM	0.1
