	train_cohort	test_cohort	ROC	PRC	F1	ACC	MCC	mode	best_C
0	Leave_CTLA4_out	CTLA4	0.6495844875346259	0.44564206312245036	0.47619047619047616	0.6140350877192983	0.17700260809846077	ICA	0.1
1	Leave_PD1+CTLA4_out	PD1+CTLA4	0.7204301075268817	0.7932456154874856	0.7169811320754716	0.6739130434782609	0.3874875837571862	ICA	0.1
2	Leave_PD1_out	PD1	0.5400758991570997	0.36510556119381427	0.3989501312335958	0.5336048879837068	0.03835584699934532	ICA	0.1
3	Leave_PDL1_out	PDL1	0.6273827252419955	0.35520143068971355	0.4292929292929293	0.5743879472693032	0.15888300481029083	ICA	0.1
