	train_cohort	test_cohort	ROC	PRC	F1	ACC	MCC	mode	best_C
0	Leave_BLCA_out	BLCA	0.5144035774950602	0.2246104099927794	0.12403100775193797	0.7230392156862745	-0.009632937495428293	PGM	0.6
1	Leave_KIRC_out	KIRC	0.618963782696177	0.35798158861503127	0.46086956521739136	0.37373737373737376	0.13014959850380958	PGM	0.8
2	Leave_LUAD_out	LUAD	0.6319901315789472	0.4932462975171834	0.5454545454545454	0.5098039215686274	0.14136319404844724	PGM	0.7000000000000001
3	Leave_SKCM_out	SKCM	0.6434230769230771	0.569003365832379	0.5198555956678701	0.5969696969696969	0.17582558322261435	PGM	0.1
4	Leave_STAD_out	STAD	0.6136363636363636	0.3191445096168818	0.4666666666666666	0.6444444444444445	0.22566773346211	PGM	0.1
