	train_cohort	test_cohort	ROC	PRC	F1	ACC	MCC	mode	best_C
0	Leave_CTLA4_out	CTLA4	0.6045706371191135	0.4799621043500097	0.5	0.5789473684210527	0.17370208344491278	IMPRES	0.1
1	Leave_PD1+CTLA4_out	PD1+CTLA4	0.5623655913978495	0.7614358057429573	0.6666666666666667	0.5434782608695652	-0.05696496888870871	IMPRES	0.1
2	Leave_PD1_out	PD1	0.555198520157138	0.38875072695403645	0.4041450777202073	0.5315682281059063	0.041807230667303526	IMPRES	0.1
3	Leave_PDL1_out	PDL1	0.5295886075949368	0.2766830265868046	0.40262582056892776	0.4858757062146893	0.08634535448957815	IMPRES	0.1
