	train_cohort	test_cohort	ROC	PRC	F1	ACC	MCC	mode	best_C
0	Leave_Atezo_out	Atezo	0.6217687074829933	0.3581954314944175	0.44329896907216493	0.5901328273244781	0.18437033991837598	CIS	0.1
1	Leave_Ipi+Nivo_out	Ipi+Nivo	0.5142857142857143	0.7771232569828324	0.5833333333333334	0.47368421052631576	-0.08819171036881969	CIS	0.1
2	Leave_Ipi+Pembro_out	Ipi+Pembro	0.8194444444444444	0.8934493295209114	0.7142857142857143	0.68	0.38697637169562726	CIS	0.1
3	Leave_Ipi_out	Ipi	0.6745562130177516	0.43442585232450714	0.5517241379310345	0.6666666666666666	0.29488391230979427	CIS	0.1
4	Leave_Nivo_out	Nivo	0.5475704369130258	0.34091610608961376	0.3478260869565217	0.5227272727272727	0.0020308975240944205	CIS	0.1
5	Leave_Pembro_out	Pembro	0.5353423587607393	0.3951805716273457	0.40758293838862564	0.5173745173745173	0.011813325115741647	CIS	0.1
6	Leave_Uknow_out	Uknow	0.44696969696969696	0.4365644427432852	0.4444444444444445	0.5588235294117647	0.08749572785196143	CIS	0.1
