	train_cohort	test_cohort	ROC	PRC	F1	ACC	MCC
0	~SU2CLC1(1K)	SU2CLC1(Pembro)	0.8739130434782608	0.8807133198106829	0.7499999999999999	0.8787878787878788	0.7149203529842406
