	train_cohort	test_cohort	ROC	PRC	F1	ACC	MCC
0	~SU2CLC1(Pembro)	SU2CLC1(Pembro)	0.6608695652173913	0.4949005709996843	0.5	0.5757575757575758	0.20465595024580763
