	train_cohort	test_cohort	ROC	PRC	F1	ACC	MCC	mode	best_C
0	Leave_CTLA4_out	CTLA4	0.6024930747922438	0.4288855014066804	0.47058823529411764	0.5263157894736842	0.1	MIAS	0.1
1	Leave_PD1+CTLA4_out	PD1+CTLA4	0.7290322580645161	0.8025919545350637	0.835820895522388	0.7608695652173914	0.42038839639454606	MIAS	0.1
2	Leave_PD1_out	PD1	0.5813722872725886	0.41921886697439203	0.44559585492227977	0.5641547861507128	0.11183657056545629	MIAS	0.1
3	Leave_PDL1_out	PDL1	0.5724311243484735	0.3088590863169093	0.41527446300716	0.5386064030131826	0.12554834307926038	MIAS	0.1
