	train_cohort	test_cohort	ROC	PRC	F1	ACC	MCC	mode	best_C
0	Leave_Atezo_out	Atezo	0.5917989417989418	0.33193056237617025	0.4175365344467641	0.47058823529411764	0.10845751493237603	GeneBio	0.1
1	Leave_Ipi+Nivo_out	Ipi+Nivo	0.5571428571428572	0.797340341485631	0.6666666666666666	0.5263157894736842	-0.14886628953921086	GeneBio	0.1
2	Leave_Ipi+Pembro_out	Ipi+Pembro	0.8333333333333334	0.9163961378295618	0.6923076923076923	0.68	0.4422689813358516	GeneBio	0.1
3	Leave_Ipi_out	Ipi	0.6390532544378698	0.43120928667852454	0.4827586206896552	0.6153846153846154	0.18430244519362143	GeneBio	0.1
4	Leave_Nivo_out	Nivo	0.5293997550020416	0.329943233975097	0.39215686274509803	0.5772727272727273	0.08933580795766397	GeneBio	0.1
5	Leave_Pembro_out	Pembro	0.5791460557146577	0.44444796343861703	0.49302325581395356	0.5791505791505791	0.15039141697112712	GeneBio	0.1
6	Leave_Uknow_out	Uknow	0.5170454545454546	0.46902505527701804	0.26666666666666666	0.6764705882352942	0.20422388828466229	GeneBio	0.1
