	train_cohort	test_cohort	ROC	PRC	F1	ACC	MCC	mode	best_C
0	Leave_BLCA_out	BLCA	0.4972094151904878	0.22464544242541803	0.3215434083601286	0.48284313725490197	0.011001274579113316	TIDE	0.1
1	Leave_KIRC_out	KIRC	0.5144617706237424	0.2799498878746731	0.323943661971831	0.5151515151515151	-0.029936765032307862	TIDE	0.1
2	Leave_LUAD_out	LUAD	0.6414473684210527	0.4960329954195095	0.5925925925925927	0.6764705882352942	0.32770448556773213	TIDE	0.1
3	Leave_SKCM_out	SKCM	0.4165384615384615	0.3278934279198852	0.3401360544217687	0.4121212121212121	-0.18116921235547775	TIDE	0.1
4	Leave_STAD_out	STAD	0.4671717171717172	0.25501480512112196	0.3529411764705882	0.5111111111111111	0.01340381419589974	TIDE	0.1
