	train_cohort	test_cohort	ROC	PRC	F1	ACC	MCC	mode	best_C
0	Leave_CTLA4_out	CTLA4	0.6066481994459834	0.4039734718197297	0.5200000000000001	0.5789473684210527	0.19925419255468718	IS	0.1
1	Leave_PD1+CTLA4_out	PD1+CTLA4	0.7720430107526881	0.8693224829498485	0.7636363636363636	0.717391304347826	0.4480325187192466	IS	0.1
2	Leave_PD1_out	PD1	0.528624280102216	0.3733500820353626	0.39205955334987597	0.5010183299389002	0.0029705906912965226	IS	0.1
3	Leave_PDL1_out	PDL1	0.5852941176470589	0.33049565710211914	0.40559440559440557	0.519774011299435	0.10373254577766995	IS	0.1
