	train_cohort	test_cohort	ROC	PRC	F1	ACC	MCC	mode	best_C
0	Leave_BLCA_out	BLCA	0.5041772108018165	0.2279347888331249	0.3037974683544304	0.46078431372549017	-0.025852977775573188	NRS	0.1
1	Leave_KIRC_out	KIRC	0.41335513078470826	0.2324958492933184	0.304635761589404	0.4696969696969697	-0.08683807127283118	NRS	0.1
2	Leave_LUAD_out	LUAD	0.4893092105263158	0.4525744079145707	0.4418604651162791	0.5294117647058824	0.04540519732854868	NRS	0.1
3	Leave_SKCM_out	SKCM	0.567076923076923	0.4441918255719046	0.4844290657439446	0.5484848484848485	0.0913951147085572	NRS	0.1
4	Leave_STAD_out	STAD	0.303030303030303	0.263063495417637	0.21621621621621623	0.35555555555555557	-0.26967994498529685	NRS	0.1
