,train_cindex,test_cindex
0,0.6752054088743865,0.5674238895130573
