	train_cohort	test_cohort	ROC	PRC	F1	ACC	MCC	mode	best_C
0	Leave_Atezo_out	Atezo	0.6000000000000001	0.30796094127950846	0.41980198019801984	0.444022770398482	0.10662862757115414	PDL1	0.1
1	Leave_Ipi+Nivo_out	Ipi+Nivo	0.6714285714285714	0.890339207698783	0.7272727272727273	0.6842105263157895	0.5096471914376256	PDL1	0.1
2	Leave_Ipi+Pembro_out	Ipi+Pembro	0.8333333333333333	0.9071042102086511	0.6923076923076923	0.68	0.4422689813358516	PDL1	0.1
3	Leave_Ipi_out	Ipi	0.5295857988165681	0.36692007690477824	0.3571428571428571	0.5384615384615384	0.0	PDL1	0.1
4	Leave_Nivo_out	Nivo	0.5294507962433646	0.32729595655905924	0.37398373983739835	0.65	0.1311121641425314	PDL1	0.1
5	Leave_Pembro_out	Pembro	0.5966219734444156	0.47578784802755025	0.45918367346938777	0.5907335907335908	0.13261351336371488	PDL1	0.1
6	Leave_Uknow_out	Uknow	0.4867424242424243	0.40129117100060985	0.13333333333333333	0.6176470588235294	-0.012763993017791393	PDL1	0.1
