	train_cohort	test_cohort	ROC	PRC	F1	ACC	MCC	mode	best_C
0	Leave_Atezo_out	Atezo	0.6105631141345427	0.33348807448626416	0.40400667779632726	0.3225806451612903	0.028653965475601114	IFNG	0.1
1	Leave_Ipi+Nivo_out	Ipi+Nivo	0.5857142857142857	0.827271521416811	0.4761904761904762	0.42105263157894735	-0.03912303982179758	IFNG	0.1
2	Leave_Ipi+Pembro_out	Ipi+Pembro	0.8194444444444444	0.8934493295209114	0.5454545454545454	0.6	0.42146361521176234	IFNG	0.1
3	Leave_Ipi_out	Ipi	0.6863905325443788	0.46046939013329824	0.3636363636363637	0.6410256410256411	0.12909944487358055	IFNG	0.1
4	Leave_Nivo_out	Nivo	0.5496120865659453	0.3475758745725578	0.34285714285714286	0.5818181818181818	0.042625266604404494	IFNG	0.1
5	Leave_Pembro_out	Pembro	0.5384014579536579	0.4161918027333581	0.4044943820224719	0.5907335907335908	0.09339212780380325	IFNG	0.1
6	Leave_Uknow_out	Uknow	0.4962121212121212	0.46244102320362557	0.15384615384615385	0.6764705882352942	0.23570226039551584	IFNG	0.1
