,train_cindex,test_cindex
0,0.6801787967132401,0.6154228855721393
