,train_cindex,test_cindex
0,0.6551932967559408,0.5658345436111035
