	train_cohort	test_cohort	ROC	PRC	F1	ACC	MCC	mode	best_C
0	Leave_Atezo_out	Atezo	0.6248677248677249	0.3537656145896822	0.42748091603053434	0.573055028462998	0.1557342236705692	ICA	0.1
1	Leave_Ipi+Nivo_out	Ipi+Nivo	0.5	0.7523466796852466	0.5833333333333334	0.47368421052631576	-0.08819171036881969	ICA	0.1
2	Leave_Ipi+Pembro_out	Ipi+Pembro	0.861111111111111	0.9221432852600615	0.72	0.72	0.5625	ICA	0.1
3	Leave_Ipi_out	Ipi	0.6834319526627219	0.44030667171151855	0.5	0.6410256410256411	0.223606797749979	ICA	0.1
4	Leave_Nivo_out	Nivo	0.5437933850551244	0.3369027749195955	0.37575757575757573	0.5318181818181819	0.039944206484431304	ICA	0.1
5	Leave_Pembro_out	Pembro	0.5391825045561052	0.39987736207295843	0.4245283018867925	0.528957528957529	0.038417132313707955	ICA	0.1
6	Leave_Uknow_out	Uknow	0.49242424242424243	0.45652508226760646	0.4615384615384615	0.5882352941176471	0.13241022442571243	ICA	0.1
