,train_cindex,test_cindex
0,0.6547739471981482,0.6069972826086957
