	train_cohort	test_cohort	ROC	PRC	F1	ACC	MCC	mode	best_C
0	Leave_CTLA4_out	CTLA4	0.6855955678670359	0.45794141014286704	0.37499999999999994	0.6491228070175439	0.14782809899727065	CTLA4	0.1
1	Leave_PD1+CTLA4_out	PD1+CTLA4	0.610752688172043	0.6948643633532725	0.4444444444444444	0.45652173913043476	0.05696496888870871	CTLA4	0.1
2	Leave_PD1_out	PD1	0.5352034783935313	0.3385460945924383	0.35999999999999993	0.6089613034623218	0.07953643517747151	CTLA4	0.1
3	Leave_PDL1_out	PDL1	0.5498324646314221	0.2825080909780235	0.4166666666666667	0.4199623352165725	0.09422830857917697	CTLA4	0.1
