	train_cohort	test_cohort	ROC	PRC	F1	ACC	MCC	mode	best_C
0	Leave_Atezo_out	Atezo	0.5514550264550264	0.29574791775144094	0.3211678832116788	0.6470588235294118	0.08279112017352495	PGM	0.30000000000000004
1	Leave_Ipi+Nivo_out	Ipi+Nivo	0.5285714285714285	0.7764042951556772	0.7586206896551724	0.631578947368421	-0.015430334996209192	PGM	0.1
2	Leave_Ipi+Pembro_out	Ipi+Pembro	0.6805555555555556	0.7567920232602663	0.7647058823529411	0.68	0.27468516529888065	PGM	0.1
3	Leave_Ipi_out	Ipi	0.7514792899408285	0.6070210805079226	0.5581395348837209	0.5128205128205128	0.2581988897471611	PGM	0.9
4	Leave_Nivo_out	Nivo	0.6475091874234381	0.44962206161819124	0.4653465346534653	0.509090909090909	0.15848008245158826	PGM	0.30000000000000004
5	Leave_Pembro_out	Pembro	0.6039442853423587	0.4711895787938875	0.4774774774774775	0.5521235521235521	0.11008239481372772	PGM	0.4
6	Leave_Uknow_out	Uknow	0.5416666666666667	0.4957357740420065	0.4166666666666667	0.5882352941176471	0.09848484848484848	PGM	0.30000000000000004
