	train_cohort	test_cohort	ROC	PRC	F1	ACC	MCC	mode	best_C
0	Leave_Atezo_out	Atezo	0.5282879818594105	0.2763618080335352	0.4008810572687225	0.4838709677419355	0.08255616713351517	IMPRES	0.1
1	Leave_Ipi+Nivo_out	Ipi+Nivo	0.5071428571428571	0.8159774436090225	0.7142857142857143	0.5789473684210527	-0.08571428571428572	IMPRES	0.1
2	Leave_Ipi+Pembro_out	Ipi+Pembro	0.5173611111111112	0.677770673486786	0.6060606060606061	0.48	-0.1572070363806331	IMPRES	0.1
3	Leave_Ipi_out	Ipi	0.7085798816568046	0.5805166098269546	0.5806451612903226	0.6666666666666666	0.3273268353539886	IMPRES	0.1
4	Leave_Nivo_out	Nivo	0.5724275214373215	0.3528392058744625	0.4	0.5909090909090909	0.10724408163055052	IMPRES	0.1
5	Leave_Pembro_out	Pembro	0.5321530851340797	0.441951335330354	0.4210526315789474	0.49034749034749037	-0.00499017559423068	IMPRES	0.1
6	Leave_Uknow_out	Uknow	0.4564393939393939	0.40537331231304063	0.3870967741935484	0.4411764705882353	-0.08749572785196143	IMPRES	0.1
