	train_cohort	test_cohort	ROC	PRC	F1	ACC	MCC
0	~SU2CLC1(Pembro)	SU2CLC1(Pembro)	0.8478260869565217	0.8375873655913978	0.7368421052631577	0.8484848484848485	0.6325987349183445
