	train_cohort	test_cohort	ROC	PRC	F1	ACC	MCC	mode	best_C
0	Leave_BLCA_out	BLCA	0.5591915970464867	0.26189397804291825	0.3593220338983051	0.5367647058823529	0.08831631336684787	Texh	0.1
1	Leave_KIRC_out	KIRC	0.5171026156941649	0.27842898418764384	0.338235294117647	0.5454545454545454	0.008540976695779356	Texh	0.1
2	Leave_LUAD_out	LUAD	0.5127467105263157	0.37681354631693903	0.35	0.49019607843137253	-0.06786208925382961	Texh	0.1
3	Leave_SKCM_out	SKCM	0.48034615384615387	0.38771192835060375	0.381294964028777	0.47878787878787876	-0.06612791398128624	Texh	0.1
4	Leave_STAD_out	STAD	0.3358585858585858	0.26635543158053193	0.23529411764705885	0.4222222222222222	-0.18765339874259634	Texh	0.1
