{"train_loss": 0.27453872561454773, "train_ssl_loss": 0.26534658670425415, "train_tsk_loss": 0.009192109107971191, "test_loss": 0.1993633210659027, "test_ssl_loss": 0.18969480693340302, "test_tsk_loss": 0.009668522514402866, "_timestamp": 1697568032.8886209, "_runtime": 960.0762808322906, "_step": 499, "gradients/graph_1taskmapper.out.bias": {"_type": "histogram", "values": [0.0, 0.0, 0.0, 0.0, 0.0, 0.0, 0.0, 0.0, 0.0, 0.0, 0.0, 0.0, 0.0, 0.0, 0.0, 0.0, 0.0, 0.0, 0.0, 0.0, 0.0, 0.0, 0.0, 0.0, 0.0, 0.0, 0.0, 0.0, 0.0, 0.0, 0.0, 1.0, 0.0, 0.0, 0.0, 0.0, 0.0, 0.0, 0.0, 0.0, 0.0, 0.0, 0.0, 0.0, 0.0, 0.0, 0.0, 0.0, 0.0, 0.0, 0.0, 0.0, 0.0, 0.0, 0.0, 0.0, 0.0, 0.0, 0.0, 0.0, 0.0, 0.0, 0.0, 0.0], "bins": [-0.01505773514509201, -0.01505773514509201, -0.01505773514509201, -0.01505773514509201, -0.01505773514509201, -0.01505773514509201, -0.01505773514509201, -0.01505773514509201, -0.01505773514509201, -0.01505773514509201, -0.01505773514509201, -0.01505773514509201, -0.01505773514509201, -0.01505773514509201, -0.01505773514509201, -0.01505773514509201, -0.01505773514509201, -0.01505773514509201, -0.01505773514509201, -0.01505773514509201, -0.01505773514509201, -0.01505773514509201, -0.01505773514509201, -0.01505773514509201, -0.01505773514509201, -0.01505773514509201, -0.01505773514509201, -0.01505773514509201, -0.01505773514509201, -0.01505773514509201, -0.01505773514509201, -0.01505773514509201, -0.01505773514509201, -0.01505773514509201, -0.01505773514509201, -0.01505773514509201, -0.01505773514509201, -0.01505773514509201, -0.01505773514509201, -0.01505773514509201, -0.01505773514509201, -0.01505773514509201, -0.01505773514509201, -0.01505773514509201, -0.01505773514509201, -0.01505773514509201, -0.01505773514509201, -0.01505773514509201, -0.01505773514509201, -0.01505773514509201, -0.01505773514509201, -0.01505773514509201, -0.01505773514509201, -0.01505773514509201, -0.01505773514509201, -0.01505773514509201, -0.01505773514509201, -0.01505773514509201, -0.01505773514509201, -0.01505773514509201, -0.01505773514509201, -0.01505773514509201, -0.01505773514509201, -0.01505773514509201, -0.01505773514509201]}, "gradients/graph_1taskmapper.out.weight": {"_type": "histogram", "values": [1.0, 0.0, 0.0, 0.0, 0.0, 0.0, 1.0, 0.0, 0.0, 0.0, 0.0, 0.0, 0.0, 0.0, 1.0, 0.0, 0.0, 0.0, 0.0, 0.0, 0.0, 0.0, 0.0, 0.0, 0.0, 0.0, 0.0, 0.0, 0.0, 0.0, 1.0, 0.0, 0.0, 0.0, 0.0, 0.0, 0.0, 0.0, 0.0, 0.0, 0.0, 0.0, 0.0, 0.0, 0.0, 0.0, 0.0, 0.0, 0.0, 2.0, 0.0, 0.0, 0.0, 0.0, 0.0, 1.0, 0.0, 1.0, 0.0, 0.0, 0.0, 5.0, 2.0, 1.0], "bins": [-0.01422426663339138, -0.013991625979542732, -0.01375898439437151, -0.013526343740522861, -0.013293702155351639, -0.01306106150150299, -0.012828419916331768, -0.01259577926248312, -0.012363137677311897, -0.01213049702346325, -0.011897855438292027, -0.011665214784443378, -0.011432573199272156, -0.011199932545423508, -0.010967290960252285, -0.010734650306403637, -0.010502008721232414, -0.010269368067383766, -0.010036726482212543, -0.009804085828363895, -0.009571444243192673, -0.009338803589344025, -0.009106162004172802, -0.008873521350324154, -0.008640880696475506, -0.008408240042626858, -0.008175598457455635, -0.007942957803606987, -0.007710316218435764, -0.007477675098925829, -0.0072450339794158936, -0.0070123933255672455, -0.006779751740396023, -0.006547110620886087, -0.006314469501376152, -0.006081828381866217, -0.005849187262356281, -0.005616546142846346, -0.0053839050233364105, -0.0051512643694877625, -0.004918623249977827, -0.004685982130467892, -0.004453341010957956, -0.004220699891448021, -0.0039880587719380856, -0.00375541765242815, -0.0035227767657488585, -0.003290135646238923, -0.0030574945267289877, -0.0028248534072190523, -0.002592212287709117, -0.002359571401029825, -0.00212693028151989, -0.0018942890455946326, -0.001661648042500019, -0.0014290069229900837, -0.0011963658034801483, -0.0009637246839702129, -0.0007310836226679385, -0.000498442561365664, -0.0002658014418557286, -3.316032234579325e-05, 0.0001994806807488203, 0.0004321218002587557, 0.0006647629197686911]}, "gradients/graph_1taskmapper.lins.1.bias": {"_type": "histogram", "values": [1.0, 0.0, 0.0, 0.0, 0.0, 0.0, 1.0, 0.0, 0.0, 0.0, 0.0, 0.0, 0.0, 0.0, 0.0, 0.0, 0.0, 0.0, 0.0, 0.0, 0.0, 1.0, 0.0, 0.0, 0.0, 1.0, 0.0, 0.0, 0.0, 0.0, 0.0, 1.0, 0.0, 1.0, 0.0, 0.0, 1.0, 0.0, 0.0, 0.0, 0.0, 0.0, 0.0, 0.0, 0.0, 1.0, 0.0, 0.0, 0.0, 0.0, 1.0, 4.0, 0.0, 0.0, 0.0, 0.0, 0.0, 0.0, 0.0, 0.0, 0.0, 0.0, 1.0, 2.0], "bins": [-0.004127331078052521, -0.004046769812703133, -0.0039662085473537445, -0.003885647514835, -0.003805086249485612, -0.0037245252169668674, -0.0036439639516174793, -0.003563402686268091, -0.003482841420918703, -0.003402280155569315, -0.0033217191230505705, -0.0032411578577011824, -0.0031605965923517942, -0.0030800355598330498, -0.0029994742944836617, -0.0029189130291342735, -0.002838351996615529, -0.002757790731266141, -0.0026772296987473965, -0.0025966684333980083, -0.0025161071680486202, -0.002435545902699232, -0.0023549848701804876, -0.0022744236048310995, -0.002193862572312355, -0.002113301306962967, -0.0020327402744442225, -0.0019521790090948343, -0.0018716177437454462, -0.00179105659481138, -0.0017104954458773136, -0.0016299341805279255, -0.001549373148009181, -0.0014688119990751147, -0.0013882507337257266, -0.0013076895847916603, -0.0012271283194422722, -0.0011465671705082059, -0.0010660060215741396, -0.0009854447562247515, -0.0009048836072906852, -0.000824322400148958, -0.0007437611930072308, -0.0006632000440731645, -0.0005826388369314373, -0.00050207762978971, -0.0004215164517518133, -0.00034095527371391654, -0.00026039406657218933, -0.00017983287398237735, -9.927168139256537e-05, -1.871048880275339e-05, 6.185070378705859e-05, 0.0001424119109287858, 0.00022297308896668255, 0.0003035342670045793, 0.0003840954741463065, 0.0004646566812880337, 0.0005452178884297609, 0.0006257790373638272, 0.0007063402445055544, 0.0007869014516472816, 0.0008674626005813479, 0.0009480238077230752, 0.0010285850148648024]}, "gradients/graph_1taskmapper.lins.1.weight": {"_type": "histogram", "values": [1.0, 0.0, 0.0, 0.0, 0.0, 0.0, 1.0, 1.0, 0.0, 0.0, 1.0, 0.0, 1.0, 1.0, 0.0, 3.0, 1.0, 0.0, 1.0, 1.0, 4.0, 0.0, 2.0, 2.0, 4.0, 2.0, 4.0, 2.0, 2.0, 5.0, 2.0, 2.0, 5.0, 2.0, 7.0, 8.0, 7.0, 7.0, 5.0, 11.0, 8.0, 8.0, 5.0, 7.0, 9.0, 14.0, 8.0, 13.0, 107.0, 18.0, 12.0, 11.0, 7.0, 8.0, 15.0, 4.0, 13.0, 9.0, 6.0, 2.0, 3.0, 1.0, 0.0, 1.0], "bins": [-0.002036471851170063, -0.0019948116969317198, -0.00195315177552402, -0.0019114917377009988, -0.0018698316998779774, -0.0018281715456396341, -0.0017865116242319345, -0.0017448514699935913, -0.00170319143217057, -0.0016615313943475485, -0.001619871356524527, -0.0015782113187015057, -0.0015365512808784842, -0.0014948912430554628, -0.0014532310888171196, -0.0014115710509940982, -0.0013699110131710768, -0.0013282509753480554, -0.001286590937525034, -0.0012449308997020125, -0.0012032708618789911, -0.0011616107076406479, -0.0011199507862329483, -0.001078290631994605, -0.0010366307105869055, -0.000994970672763884, -0.0009533106349408627, -0.0009116505971178412, -0.0008699905010871589, -0.0008283304632641375, -0.0007866704254411161, -0.0007450103294104338, -0.0007033502915874124, -0.0006616902537643909, -0.0006200302159413695, -0.0005783701781183481, -0.0005367100820876658, -0.0004950500442646444, -0.00045339000644162297, -0.0004117299395147711, -0.0003700699016917497, -0.0003284098638687283, -0.0002867497969418764, -0.000245089759118855, -0.00020342970674391836, -0.00016176965436898172, -0.00012010961654596031, -7.844954961910844e-05, -3.6789511796087027e-05, 4.8705369408708066e-06, 4.653058567782864e-05, 8.819063077680767e-05, 0.0001298506831517443, 0.00017151073552668095, 0.00021317077334970236, 0.0002548308402765542, 0.00029649087809957564, 0.00033815091592259705, 0.0003798109828494489, 0.00042147102067247033, 0.00046313105849549174, 0.0005047911545261741, 0.0005464511923491955, 0.0005881112301722169, 0.0006297712679952383]},