	train_cohort	test_cohort	ROC	PRC	F1	ACC	MCC	mode	best_C
0	Leave_BLCA_out	BLCA	0.5490692273026658	0.2773984845208807	0.34513274336283184	0.6372549019607843	0.11123693670287983	PD1	0.1
1	Leave_KIRC_out	KIRC	0.6092806841046278	0.34309775395151976	0.4585987261146497	0.5707070707070707	0.1667719743678535	PD1	0.1
2	Leave_LUAD_out	LUAD	0.6480263157894737	0.5188059462968262	0.5686274509803922	0.5686274509803921	0.21628289473684212	PD1	0.1
3	Leave_SKCM_out	SKCM	0.5839423076923077	0.46560148868017376	0.3645320197044335	0.6090909090909091	0.12315562096299107	PD1	0.1
4	Leave_STAD_out	STAD	0.7525252525252526	0.4853138051798854	0.5238095238095238	0.5555555555555556	0.3198010745334156	PD1	0.1
