	train_cohort	test_cohort	ROC	PRC	F1	ACC	MCC	mode	best_C
0	Leave_BLCA_out	BLCA	0.5735085104170278	0.28045080121375465	0.3617021276595745	0.7058823529411765	0.17101916499751496	GEP	0.1
1	Leave_KIRC_out	KIRC	0.6519114688128773	0.3710571525733388	0.47715736040609136	0.4797979797979798	0.1763737475491353	GEP	0.1
2	Leave_LUAD_out	LUAD	0.6480263157894737	0.5444060747088393	0.5378151260504201	0.46078431372549017	0.09144900869811855	GEP	0.1
3	Leave_SKCM_out	SKCM	0.6268846153846154	0.5018827466364513	0.5723076923076924	0.5787878787878787	0.20411287179228849	GEP	0.1
4	Leave_STAD_out	STAD	0.8232323232323232	0.7166611420422397	0.43999999999999995	0.37777777777777777	0.12016450333006204	GEP	0.1
