	train_cohort	test_cohort	ROC	PRC	F1	ACC	MCC	mode	best_C
0	Leave_BLCA_out	BLCA	0.5818975976704683	0.26051202349080305	0.3754512635379061	0.5759803921568627	0.12430082341536498	CD8	0.1
1	Leave_KIRC_out	KIRC	0.6847334004024145	0.3868773512229613	0.5174825174825175	0.6515151515151515	0.28003689717184266	CD8	0.1
2	Leave_LUAD_out	LUAD	0.6188322368421053	0.4569523918969137	0.5060240963855421	0.5980392156862745	0.17296501815952614	CD8	0.1
3	Leave_SKCM_out	SKCM	0.6073653846153846	0.5174081375357201	0.5095057034220533	0.6090909090909091	0.18467216076010165	CD8	0.1
4	Leave_STAD_out	STAD	0.7727272727272727	0.6209649062885536	0.5454545454545454	0.6666666666666666	0.3424747597107866	CD8	0.1
