	train_cohort	test_cohort	ROC	PRC	F1	ACC	MCC	mode	best_C
0	Leave_CTLA4_out	CTLA4	0.6163434903047091	0.42801424838628915	0.45	0.6140350877192983	0.1543033499620919	CD8	0.1
1	Leave_PD1+CTLA4_out	PD1+CTLA4	0.7397849462365591	0.8659213343095469	0.7169811320754716	0.6739130434782609	0.3874875837571862	CD8	0.1
2	Leave_PD1_out	PD1	0.5536252336092147	0.3771418166609929	0.43360433604336046	0.5743380855397149	0.10766350952155855	CD8	0.1
3	Leave_PDL1_out	PDL1	0.6343819806403574	0.36426847124277933	0.4373333333333333	0.6026365348399246	0.18027355019106386	CD8	0.1
