	train_cohort	test_cohort	ROC	PRC	F1	ACC	MCC
1	Leave_Ipi+Nivo_out	Ipi+Nivo	0.6428571428571428	0.8246465660856417	0.6666666666666666	0.5789473684210527	0.1511857892036908
2	Leave_Ipi+Pembro_out	Ipi+Pembro	0.7951388888888888	0.8652971839452818	0.875	0.84	0.6527777777777778
3	Leave_Ipi_out	Ipi	0.7988165680473374	0.7119541127391249	0.6428571428571429	0.7435897435897436	0.447213595499958
4	Leave_Nivo_out	Nivo	0.6685381788485096	0.471931729690646	0.4749999999999999	0.6181818181818182	0.2110467934977229
5	Leave_Pembro_out	Pembro	0.7411481385055976	0.6521679636917167	0.4864864864864865	0.7065637065637066	0.315682217093812
6	Leave_Uknow_out	Uknow	0.75	0.6409716176378075	0.631578947368421	0.5882352941176471	0.4096732451993513
0	Leave_Atezo_out	Atezo	0.6701058201058201	0.4419186330352166	0.4599999999999999	0.6925996204933587	0.250578132274639
