	train_cohort	test_cohort	ROC	PRC	F1	ACC	MCC
0	Leave_CTLA4_out	CTLA4	0.760387811634349	0.7307039235049999	0.6363636363636364	0.7192982456140351	0.425
1	Leave_PD1+CTLA4_out	PD1+CTLA4	0.7258064516129032	0.7945103010234431	0.75	0.6956521739130435	0.38656919159104336
2	Leave_PD1_out	PD1	0.6638411075937297	0.48601449896507415	0.4717607973421927	0.6761710794297352	0.2393720231684218
3	Leave_PDL1_out	PDL1	0.6669489947877886	0.4285561093411401	0.4872521246458923	0.6591337099811676	0.26700376513804364
