	train_cohort	test_cohort	ROC	PRC	F1	ACC	MCC	mode	best_C
0	Leave_BLCA_out	BLCA	0.5625194994280168	0.258107275347555	0.32067510548523204	0.6053921568627451	0.06677042506524172	GeneBio	0.2
1	Leave_KIRC_out	KIRC	0.6823440643863179	0.4102339696211609	0.48401826484018257	0.4292929292929293	0.20280781648436383	GeneBio	0.1
2	Leave_LUAD_out	LUAD	0.6200657894736842	0.4593117710395613	0.5416666666666666	0.5686274509803921	0.1798274118053964	GeneBio	0.1
3	Leave_SKCM_out	SKCM	0.613826923076923	0.5307525676532576	0.4405286343612335	0.6151515151515151	0.16047193878570162	GeneBio	0.1
4	Leave_STAD_out	STAD	0.7904040404040404	0.6462547732768321	0.5238095238095238	0.5555555555555556	0.3198010745334156	GeneBio	0.1
