	train_cohort	test_cohort	ROC	PRC	F1	ACC	MCC	mode	best_C
0	Leave_CTLA4_out	CTLA4	0.47783933518005534	0.34599904235580137	0.3404255319148936	0.45614035087719296	-0.09925833339709303	TAM	0.1
1	Leave_PD1+CTLA4_out	PD1+CTLA4	0.37419354838709673	0.6394035951851371	0.40740740740740744	0.30434782608695654	-0.41736500618415145	TAM	0.1
2	Leave_PD1_out	PD1	0.5891910446622678	0.366721832636319	0.4730077120822622	0.5824847250509165	0.15584462930205642	TAM	0.1
3	Leave_PDL1_out	PDL1	0.543168279970216	0.287092111356846	0.3665768194070081	0.5574387947269304	0.06785642247593486	TAM	0.1
