	train_cohort	test_cohort	ROC	PRC	F1	ACC	MCC	mode	best_C
0	Leave_Atezo_out	Atezo	0.5518896447467876	0.2839812529906054	0.4168260038240918	0.42125237191650855	0.09477084364425883	CTLA4	0.1
1	Leave_Ipi+Nivo_out	Ipi+Nivo	0.44285714285714284	0.6552760565642034	0.64	0.5263157894736842	-0.025482359571881278	CTLA4	0.1
2	Leave_Ipi+Pembro_out	Ipi+Pembro	0.6527777777777778	0.732447963648222	0.3	0.44	0.10001653302482984	CTLA4	0.1
3	Leave_Ipi_out	Ipi	0.7041420118343196	0.45578924579132024	0.46153846153846156	0.6410256410256411	0.19230769230769232	CTLA4	0.1
4	Leave_Nivo_out	Nivo	0.5714577378521846	0.34003541431914464	0.3770491803278688	0.6545454545454545	0.13817987440859394	CTLA4	0.1
5	Leave_Pembro_out	Pembro	0.4912783129393387	0.3431413540729995	0.4041450777202073	0.555984555984556	0.05166627390448772	CTLA4	0.1
6	Leave_Uknow_out	Uknow	0.48863636363636365	0.3597326197477346	0.14285714285714285	0.6470588235294118	0.07693218186208295	CTLA4	0.1
