	train_cohort	test_cohort	ROC	PRC	F1	ACC	MCC	mode	best_C
0	Leave_CTLA4_out	CTLA4	0.45844875346260383	0.3503896853929814	0.3333333333333333	0.5087719298245614	-0.05057217374241736	Texh	0.1
1	Leave_PD1+CTLA4_out	PD1+CTLA4	0.33548387096774196	0.6191881266163268	0.5263157894736842	0.41304347826086957	-0.2359010320868044	Texh	0.1
2	Leave_PD1_out	PD1	0.5459018269194096	0.34500746258071013	0.41558441558441556	0.5417515274949084	0.06213120677204907	Texh	0.1
3	Leave_PDL1_out	PDL1	0.5302308265078183	0.2762681274493539	0.34805194805194806	0.527306967984934	0.027891067277201406	Texh	0.1
