	train_cohort	test_cohort	ROC	PRC	F1	ACC	MCC	mode	best_C
0	Leave_Atezo_out	Atezo	0.5596371882086169	0.27231169123380555	0.41361256544502617	0.5749525616698292	0.1369974023183376	CAF	0.1
1	Leave_Ipi+Nivo_out	Ipi+Nivo	0.41428571428571426	0.773054718145386	0.45454545454545453	0.3684210526315789	-0.21660005636099086	CAF	0.1
2	Leave_Ipi+Pembro_out	Ipi+Pembro	0.375	0.5786746820673829	0.5	0.44	-0.11342410894527007	CAF	0.1
3	Leave_Ipi_out	Ipi	0.45857988165680474	0.30346881316827823	0.3428571428571428	0.41025641025641024	-0.14625448482542613	CAF	0.1
4	Leave_Nivo_out	Nivo	0.47580645161290325	0.2755946375441109	0.3352601156069364	0.4772727272727273	-0.04611100528496999	CAF	0.1
5	Leave_Pembro_out	Pembro	0.6324524863316845	0.4819307638209662	0.48458149779735676	0.5482625482625483	0.11379757114152272	CAF	0.1
6	Leave_Uknow_out	Uknow	0.5265151515151516	0.47586505037030813	0.41379310344827586	0.5	0.0	CAF	0.1
