	train_cohort	test_cohort	ROC	PRC	F1	ACC	MCC	mode	best_C
0	Leave_Atezo_out	Atezo	0.6358087679516251	0.35733101811756113	0.4263157894736842	0.5863377609108159	0.15896307236709326	CTL	0.1
1	Leave_Ipi+Nivo_out	Ipi+Nivo	0.5571428571428572	0.8117887898626509	0.64	0.5263157894736842	-0.025482359571881278	CTL	0.1
2	Leave_Ipi+Pembro_out	Ipi+Pembro	0.8541666666666667	0.9211087046744815	0.6666666666666666	0.64	0.32904437697703026	CTL	0.1
3	Leave_Ipi_out	Ipi	0.6715976331360947	0.501631763214827	0.4827586206896552	0.6153846153846154	0.18430244519362143	CTL	0.1
4	Leave_Nivo_out	Nivo	0.5390975908534096	0.3255011882286879	0.3878787878787878	0.5409090909090909	0.06019242175303704	CTL	0.1
5	Leave_Pembro_out	Pembro	0.5546081749544389	0.420107700695574	0.4347826086956522	0.5482625482625483	0.06739476274650648	CTL	0.1
6	Leave_Uknow_out	Uknow	0.48863636363636365	0.42264065529107425	0.5185185185185186	0.6176470588235294	0.21144800897557345	CTL	0.1
