{"train_loss": 0.4424637258052826, "train_ssl_loss": 0.42730170488357544, "train_tmb_loss": 0.0151620302349329, "test_loss": 0.7513575553894043, "test_ssl_loss": 0.7346318960189819, "test_tmb_loss": 0.016725663095712662, "_timestamp": 1697571376.2887096, "_runtime": 348.78929471969604, "_step": 199, "gradients/graph_1taskmapper.out.bias": {"_type": "histogram", "values": [0.0, 0.0, 0.0, 0.0, 0.0, 0.0, 0.0, 0.0, 0.0, 0.0, 0.0, 0.0, 0.0, 0.0, 0.0, 0.0, 0.0, 0.0, 0.0, 0.0, 0.0, 0.0, 0.0, 0.0, 0.0, 0.0, 0.0, 0.0, 0.0, 0.0, 0.0, 0.0, 1.0, 0.0, 0.0, 0.0, 0.0, 0.0, 0.0, 0.0, 0.0, 0.0, 0.0, 0.0, 0.0, 0.0, 0.0, 0.0, 0.0, 0.0, 0.0, 0.0, 0.0, 0.0, 0.0, 0.0, 0.0, 0.0, 0.0, 0.0, 0.0, 0.0, 0.0, 0.0], "bins": [0.05027197301387787, 0.05027197301387787, 0.05027197301387787, 0.05027197301387787, 0.05027197301387787, 0.05027197301387787, 0.05027197301387787, 0.05027197301387787, 0.05027197301387787, 0.05027197301387787, 0.05027197301387787, 0.05027197301387787, 0.05027197301387787, 0.05027197301387787, 0.05027197301387787, 0.05027197301387787, 0.05027197301387787, 0.05027197301387787, 0.05027197301387787, 0.05027197301387787, 0.05027197301387787, 0.05027197301387787, 0.05027197301387787, 0.05027197301387787, 0.05027197301387787, 0.05027197301387787, 0.05027197301387787, 0.05027197301387787, 0.05027197301387787, 0.05027197301387787, 0.05027197301387787, 0.05027197301387787, 0.05027197301387787, 0.05027197301387787, 0.05027197301387787, 0.05027197301387787, 0.05027197301387787, 0.05027197301387787, 0.05027197301387787, 0.05027197301387787, 0.05027197301387787, 0.05027197301387787, 0.05027197301387787, 0.05027197301387787, 0.05027197301387787, 0.05027197301387787, 0.05027197301387787, 0.05027197301387787, 0.05027197301387787, 0.05027197301387787, 0.05027197301387787, 0.05027197301387787, 0.05027197301387787, 0.05027197301387787, 0.05027197301387787, 0.05027197301387787, 0.05027197301387787, 0.05027197301387787, 0.05027197301387787, 0.05027197301387787, 0.05027197301387787, 0.05027197301387787, 0.05027197301387787, 0.05027197301387787, 0.05027197301387787]}, "gradients/graph_1taskmapper.out.weight": {"_type": "histogram", "values": [4.0, 2.0, 0.0, 0.0, 0.0, 0.0, 1.0, 0.0, 0.0, 2.0, 0.0, 0.0, 0.0, 0.0, 0.0, 0.0, 0.0, 1.0, 0.0, 0.0, 0.0, 0.0, 1.0, 0.0, 0.0, 0.0, 0.0, 0.0, 0.0, 1.0, 0.0, 0.0, 0.0, 0.0, 0.0, 0.0, 0.0, 0.0, 0.0, 0.0, 0.0, 0.0, 0.0, 0.0, 1.0, 0.0, 2.0, 0.0, 0.0, 0.0, 0.0, 0.0, 0.0, 0.0, 0.0, 0.0, 0.0, 0.0, 0.0, 0.0, 0.0, 0.0, 0.0, 1.0], "bins": [-4.4270433136262e-05, 9.184090595226735e-05, 0.0002279522450407967, 0.0003640635986812413, 0.0005001749377697706, 0.0006362862768583, 0.0007723976159468293, 0.0009085089550353587, 0.001044620294123888, 0.0011807316914200783, 0.0013168429723009467, 0.0014529542531818151, 0.0015890656504780054, 0.0017251770477741957, 0.001861288328655064, 0.0019973996095359325, 0.002133511006832123, 0.002269622404128313, 0.0024057338014245033, 0.00254184496589005, 0.00267795636318624, 0.0028140677604824305, 0.002950178924947977, 0.0030862903222441673, 0.0032224017195403576, 0.003358513116836548, 0.003494624514132738, 0.0036307356785982847, 0.003766847075894475, 0.0039029584731906652, 0.004039069637656212, 0.004175181034952402, 0.004311292432248592, 0.004447403829544783, 0.004583515226840973, 0.004719626624137163, 0.004855738021433353, 0.004991848953068256, 0.005127960350364447, 0.005264071747660637, 0.005400183144956827, 0.005536294542253017, 0.005672405939549208, 0.005808517336845398, 0.005944628268480301, 0.006080739665776491, 0.006216851063072681, 0.006352962460368872, 0.006489073857665062, 0.006625185254961252, 0.0067612966522574425, 0.006897408049553633, 0.007033519446849823, 0.007169630378484726, 0.007305741775780916, 0.0074418531730771065, 0.007577964570373297, 0.007714075967669487, 0.00785018689930439, 0.007986298762261868, 0.00812240969389677, 0.008258521556854248, 0.008394632488489151, 0.008530744351446629, 0.008666855283081532]}, "gradients/graph_1taskmapper.lins.1.bias": {"_type": "histogram", "values": [1.0, 1.0, 0.0, 0.0, 1.0, 0.0, 0.0, 0.0, 0.0, 0.0, 0.0, 0.0, 0.0, 1.0, 0.0, 0.0, 4.0, 0.0, 0.0, 2.0, 0.0, 0.0, 0.0, 0.0, 0.0, 0.0, 0.0, 0.0, 1.0, 0.0, 0.0, 0.0, 0.0, 0.0, 0.0, 0.0, 0.0, 0.0, 0.0, 0.0, 0.0, 1.0, 0.0, 0.0, 1.0, 0.0, 0.0, 0.0, 0.0, 0.0, 0.0, 0.0, 0.0, 1.0, 0.0, 0.0, 0.0, 0.0, 0.0, 0.0, 0.0, 1.0, 0.0, 1.0], "bins": [-0.005315736401826143, -0.004994078539311886, -0.004672420676797628, -0.004350762814283371, -0.004029104486107826, -0.003707446623593569, -0.0033857887610793114, -0.0030641306657344103, -0.002742472803220153, -0.0024208149407058954, -0.0020991568453609943, -0.001777498982846737, -0.0014558410039171576, -0.0011341830249875784, -0.000812525162473321, -0.0004908670671284199, -0.00016920920461416245, 0.00015244874521158636, 0.00047410669503733516, 0.0007957646157592535, 0.0011174225946888328, 0.001439080573618412, 0.0017607384361326694, 0.0020823965314775705, 0.002404054393991828, 0.0027257122565060854, 0.0030473703518509865, 0.003369028214365244, 0.0036906860768795013, 0.004012344405055046, 0.004334001801908016, 0.004655660130083561, 0.004977318458259106, 0.005298976320773363, 0.0056206341832876205, 0.005942292511463165, 0.006263950373977423, 0.00658560823649168, 0.006907266099005938, 0.007228923961520195, 0.00755058228969574, 0.007872240617871284, 0.008193898014724255, 0.0085155563428998, 0.00883721373975277, 0.009158872067928314, 0.009480530396103859, 0.009802187792956829, 0.0101238451898098, 0.010445503517985344, 0.010767160914838314, 0.011088819243013859, 0.011410476639866829, 0.011732134968042374, 0.012053793296217918, 0.012375450693070889, 0.012697109021246433, 0.013018767349421978, 0.013340424746274948, 0.013662083074450493, 0.013983740471303463, 0.014305398799479008, 0.014627056196331978, 0.014948714524507523, 0.015270372852683067]}, "gradients/graph_1taskmapper.lins.1.weight": {"_type": "histogram", "values": [2.0, 1.0, 0.0, 1.0, 1.0, 3.0, 1.0, 2.0, 4.0, 4.0, 1.0, 6.0, 2.0, 14.0, 22.0, 22.0, 161.0, 38.0, 17.0, 11.0, 4.0, 4.0, 5.0, 2.0, 6.0, 3.0, 4.0, 3.0, 2.0, 4.0, 3.0, 2.0, 2.0, 2.0, 4.0, 3.0, 0.0, 0.0, 3.0, 0.0, 0.0, 3.0, 0.0, 0.0, 3.0, 0.0, 0.0, 3.0, 1.0, 0.0, 0.0, 0.0, 0.0, 0.0, 0.0, 0.0, 0.0, 1.0, 1.0, 1.0, 0.0, 1.0, 0.0, 1.0], "bins": [-0.0011712172999978065, -0.0011006357381120324, -0.0010300541762262583, -0.0009594724979251623, -0.0008888909360393882, -0.000818309374153614, -0.000747727754060179, -0.000677146133966744, -0.0006065645720809698, -0.0005359830101951957, -0.0004654013901017606, -0.00039481979911215603, -0.00032423820812255144, -0.00025365661713294685, -0.00018307502614334226, -0.00011249340604990721, -4.191184416413307e-05, 2.866974682547152e-05, 9.925133781507611e-05, 0.0001698329288046807, 0.0002404145197942853, 0.0003109961107838899, 0.0003815777017734945, 0.00045215932186692953, 0.0005227408837527037, 0.0005933224456384778, 0.0006639040657319129, 0.0007344856858253479, 0.000805067247711122, 0.0008756488095968962, 0.0009462304296903312, 0.0010168120497837663, 0.0010873936116695404, 0.0011579751735553145, 0.0012285567354410887, 0.0012991384137421846, 0.0013697199756279588, 0.001440301537513733, 0.0015108832158148289, 0.001581464777700603, 0.0016520463395863771, 0.0017226279014721513, 0.0017932094633579254, 0.0018637911416590214, 0.0019343727035447955, 0.0020049542654305696, 0.0020755359437316656, 0.002146117389202118, 0.002216699067503214, 0.00228728074580431, 0.002357862191274762, 0.002428443869575858, 0.0024990253150463104, 0.0025696069933474064, 0.0026401886716485023, 0.0027107703499495983, 0.0027813517954200506, 0.0028519334737211466, 0.002922514919191599, 0.002993096597492695, 0.003063678275793791, 0.003134259721264243, 0.003204841399565339, 0.0032754228450357914, 0.0033460045233368874]}, "gradients/graph_1taskmapper.lins.0.bias": {"_type": "histogram",