	train_cohort	test_cohort	ROC	PRC	F1	ACC	MCC	mode	best_C
0	Leave_Atezo_out	Atezo	0.5273242630385486	0.27550603970786147	0.35078534031413616	0.5294117647058824	0.032464152769451624	Texh	0.1
1	Leave_Ipi+Nivo_out	Ipi+Nivo	0.4714285714285714	0.7484122854147179	0.6086956521739131	0.5263157894736842	0.08819171036881969	Texh	0.1
2	Leave_Ipi+Pembro_out	Ipi+Pembro	0.18055555555555558	0.4657394708325394	0.42857142857142855	0.36	-0.28022426915890253	Texh	0.1
3	Leave_Ipi_out	Ipi	0.3994082840236686	0.2713948973855409	0.37499999999999994	0.48717948717948717	-0.03627381250550058	Texh	0.1
4	Leave_Nivo_out	Nivo	0.5206206614944876	0.28172078179258414	0.35668789808917195	0.5409090909090909	0.02503355724225812	Texh	0.1
5	Leave_Pembro_out	Pembro	0.5745899505337152	0.40656925654133946	0.45045045045045046	0.528957528957529	0.061676044632479034	Texh	0.1
6	Leave_Uknow_out	Uknow	0.625	0.5194691358392269	0.5161290322580646	0.5588235294117647	0.1604088343952626	Texh	0.1
