	train_cohort	test_cohort	ROC	PRC	F1	ACC	MCC	mode	best_C
0	Leave_CTLA4_out	CTLA4	0.6108033240997229	0.4270708762658663	0.509090909090909	0.5263157894736842	0.1543033499620919	GEP	0.1
1	Leave_PD1+CTLA4_out	PD1+CTLA4	0.843010752688172	0.9260429247574034	0.8125	0.7391304347826086	0.38733878023829726	GEP	0.1
2	Leave_PD1_out	PD1	0.6007666196269881	0.41773801878093164	0.47572815533980584	0.560081466395112	0.14388761945836992	GEP	0.1
3	Leave_PDL1_out	PDL1	0.6202159344750559	0.3593233599836102	0.4365781710914454	0.64030131826742	0.19539477184130205	GEP	0.1
