	train_cohort	test_cohort	ROC	PRC	F1	ACC	MCC	mode	best_C
0	Leave_BLCA_out	BLCA	0.5759697715533678	0.2708802164401831	0.2580645161290323	0.7181372549019608	0.0926943584306574	NetBio	0.1
1	Leave_KIRC_out	KIRC	0.6016096579476862	0.34652510581890217	0.3181818181818182	0.696969696969697	0.15078524876077445	NetBio	0.1
2	Leave_LUAD_out	LUAD	0.6258223684210527	0.4557522657135095	0.27586206896551724	0.5882352941176471	0.028040407300746976	NetBio	0.1
3	Leave_SKCM_out	SKCM	0.5335769230769231	0.4217854666678411	0.5015290519877675	0.5060606060606061	0.0555549031332256	NetBio	0.9
4	Leave_STAD_out	STAD	0.4696969696969697	0.23952320830228707	0.4285714285714285	0.4666666666666667	0.10660035817780521	NetBio	0.1
