	train_cohort	test_cohort	ROC	PRC	F1	ACC	MCC	mode	best_C
0	Leave_Atezo_out	Atezo	0.6343726379440665	0.36454178220567973	0.4396782841823056	0.603415559772296	0.18371693842375617	CD8	0.1
1	Leave_Ipi+Nivo_out	Ipi+Nivo	0.5571428571428572	0.8100954435264474	0.7200000000000001	0.631578947368421	0.21660005636099086	CD8	0.1
2	Leave_Ipi+Pembro_out	Ipi+Pembro	0.7986111111111112	0.8974891698888767	0.7407407407407406	0.72	0.4969241611489845	CD8	0.1
3	Leave_Ipi_out	Ipi	0.636094674556213	0.4260056683534974	0.4666666666666667	0.5897435897435898	0.14625448482542613	CD8	0.1
4	Leave_Nivo_out	Nivo	0.5238873009391589	0.313860687467022	0.3636363636363636	0.5545454545454546	0.04245624257095041	CD8	0.1
5	Leave_Pembro_out	Pembro	0.5709450663889613	0.4294830260837724	0.48571428571428577	0.583011583011583	0.14716997562550996	CD8	0.1
6	Leave_Uknow_out	Uknow	0.5018939393939394	0.4638628874285559	0.4166666666666667	0.5882352941176471	0.09848484848484848	CD8	0.1
