,train_cindex,test_cindex
0,0.6496690087272075,0.5644278606965174
