	train_cohort	test_cohort	ROC	PRC	F1	ACC	MCC	mode	best_C
0	Leave_CTLA4_out	CTLA4	0.42797783933518	0.3702101669492223	0.3333333333333333	0.43859649122807015	-0.12407291674636628	NRS	0.1
1	Leave_PD1+CTLA4_out	PD1+CTLA4	0.7333333333333333	0.8480509918506303	0.7407407407407407	0.6956521739130435	0.41736500618415145	NRS	0.1
2	Leave_PD1_out	PD1	0.4920668217704718	0.32080126908327516	0.380246913580247	0.48879837067209775	-0.020083615817723624	NRS	0.1
3	Leave_PDL1_out	PDL1	0.5490692479523456	0.29967550186602276	0.3900226757369614	0.4934086629001883	0.06879028088333212	NRS	0.1
