	train_cohort	test_cohort	ROC	PRC	F1	ACC	MCC	mode	best_C
0	Leave_BLCA_out	BLCA	0.5742364890629875	0.2786439652439755	0.37323943661971826	0.5637254901960784	0.11737747903625927	TAM	0.1
1	Leave_KIRC_out	KIRC	0.5016348088531186	0.2749027593478035	0.35555555555555557	0.5606060606060606	0.037935746250197695	TAM	0.1
2	Leave_LUAD_out	LUAD	0.5633223684210527	0.4065924100520486	0.41975308641975306	0.5392156862745098	0.0402585363105322	TAM	0.1
3	Leave_SKCM_out	SKCM	0.5138846153846154	0.41047515721469696	0.40972222222222227	0.48484848484848486	-0.040253563858615934	TAM	0.1
4	Leave_STAD_out	STAD	0.7424242424242424	0.6022762260554694	0.5	0.6888888888888889	0.2869449118648753	TAM	0.1
