	train_cohort	test_cohort	ROC	PRC	F1	ACC	MCC	mode	best_C
0	Leave_CTLA4_out	CTLA4	0.6121883656509696	0.41227029530212156	0.4444444444444444	0.6491228070175439	0.18981415059132414	PD1	0.1
1	Leave_PD1+CTLA4_out	PD1+CTLA4	0.7010752688172043	0.8269402582327479	0.4651162790697674	0.5	0.20203476841664456	PD1	0.1
2	Leave_PD1_out	PD1	0.5394179793279683	0.35545876550243816	0.41081081081081083	0.5560081466395111	0.06954028200803461	PD1	0.1
3	Leave_PDL1_out	PDL1	0.5997393894266568	0.3440095167973515	0.41846153846153844	0.6440677966101694	0.17655840076604515	PD1	0.1
