	train_cohort	test_cohort	ROC	PRC	F1	ACC	MCC	mode	best_C
0	Leave_CTLA4_out	CTLA4	0.5422437673130194	0.38242963167911	0.27777777777777773	0.543859649122807	-0.05423261445466404	PDL1	0.1
1	Leave_PD1+CTLA4_out	PD1+CTLA4	0.7569892473118279	0.8860647572825104	0.6938775510204082	0.6739130434782609	0.4627072172947798	PDL1	0.1
2	Leave_PD1_out	PD1	0.5715416301155651	0.41457579358233926	0.4186046511627907	0.6435845213849287	0.16263544379965	PDL1	0.1
3	Leave_PDL1_out	PDL1	0.5945085629188385	0.30433941273095755	0.4142011834319526	0.4406779661016949	0.09383804935791505	PDL1	0.1
