	train_cohort	test_cohort	ROC	PRC	F1	ACC	MCC
0	~SU2CLC1(Pembro)	SU2CLC1(Pembro)	0.7434782608695651	0.7118643648018648	0.56	0.6666666666666666	0.32504180333157684
