	train_cohort	test_cohort	ROC	PRC	F1	ACC	MCC	mode	best_C
0	Leave_CTLA4_out	CTLA4	0.7160664819944599	0.4172612527234581	0.5909090909090909	0.6842105263157895	0.35	TIDE	0.1
1	Leave_PD1+CTLA4_out	PD1+CTLA4	0.6580645161290322	0.8014113132802051	0.7169811320754716	0.6739130434782609	0.3874875837571862	TIDE	0.1
2	Leave_PD1_out	PD1	0.5199855066936191	0.31060519539793585	0.4020100502512562	0.515274949083503	0.025672298030788944	TIDE	0.1
3	Leave_PDL1_out	PDL1	0.5482874162323157	0.2903991436076684	0.3727034120734908	0.5499058380414312	0.07140673772538864	TIDE	0.1
