	train_cohort	test_cohort	ROC	PRC	F1	ACC	MCC	mode	best_C
0	Leave_BLCA_out	BLCA	0.5623461711789787	0.263252747769417	0.3490909090909091	0.5612745098039216	0.08236355663268531	CIS	0.1
1	Leave_KIRC_out	KIRC	0.6949195171026157	0.39739242222873994	0.5068493150684932	0.6363636363636364	0.2600188947372652	CIS	0.1
2	Leave_LUAD_out	LUAD	0.6077302631578947	0.4680739636345671	0.5060240963855421	0.5980392156862745	0.17296501815952614	CIS	0.1
3	Leave_SKCM_out	SKCM	0.605423076923077	0.5017638000478548	0.49640287769784175	0.5757575757575758	0.13338944934510882	CIS	0.1
4	Leave_STAD_out	STAD	0.7196969696969696	0.5025217171135594	0.6	0.7333333333333333	0.43082021842766455	CIS	0.1
