{"train_loss": 0.43903547525405884, "train_ssl_loss": 0.42040979862213135, "train_tsk_loss": 0.0186256505548954, "test_loss": 0.5577354431152344, "test_ssl_loss": 0.538022518157959, "test_tsk_loss": 0.0197128988802433, "_timestamp": 1697563933.1036355, "_runtime": 108.47474765777588, "_step": 49, "gradients/graph_3taskmapper.out.bias": {"_type": "histogram", "values": [0.0, 0.0, 0.0, 0.0, 0.0, 0.0, 0.0, 0.0, 0.0, 0.0, 0.0, 0.0, 0.0, 0.0, 0.0, 0.0, 0.0, 0.0, 0.0, 0.0, 0.0, 0.0, 0.0, 0.0, 0.0, 0.0, 0.0, 0.0, 0.0, 0.0, 0.0, 0.0, 1.0, 0.0, 0.0, 0.0, 0.0, 0.0, 0.0, 0.0, 0.0, 0.0, 0.0, 0.0, 0.0, 0.0, 0.0, 0.0, 0.0, 0.0, 0.0, 0.0, 0.0, 0.0, 0.0, 0.0, 0.0, 0.0, 0.0, 0.0, 0.0, 0.0, 0.0, 0.0], "bins": [-0.07499588280916214, -0.07499588280916214, -0.07499588280916214, -0.07499588280916214, -0.07499588280916214, -0.07499588280916214, -0.07499588280916214, -0.07499588280916214, -0.07499588280916214, -0.07499588280916214, -0.07499588280916214, -0.07499588280916214, -0.07499588280916214, -0.07499588280916214, -0.07499588280916214, -0.07499588280916214, -0.07499588280916214, -0.07499588280916214, -0.07499588280916214, -0.07499588280916214, -0.07499588280916214, -0.07499588280916214, -0.07499588280916214, -0.07499588280916214, -0.07499588280916214, -0.07499588280916214, -0.07499588280916214, -0.07499588280916214, -0.07499588280916214, -0.07499588280916214, -0.07499588280916214, -0.07499588280916214, -0.07499588280916214, -0.07499588280916214, -0.07499588280916214, -0.07499588280916214, -0.07499588280916214, -0.07499588280916214, -0.07499588280916214, -0.07499588280916214, -0.07499588280916214, -0.07499588280916214, -0.07499588280916214, -0.07499588280916214, -0.07499588280916214, -0.07499588280916214, -0.07499588280916214, -0.07499588280916214, -0.07499588280916214, -0.07499588280916214, -0.07499588280916214, -0.07499588280916214, -0.07499588280916214, -0.07499588280916214, -0.07499588280916214, -0.07499588280916214, -0.07499588280916214, -0.07499588280916214, -0.07499588280916214, -0.07499588280916214, -0.07499588280916214, -0.07499588280916214, -0.07499588280916214, -0.07499588280916214, -0.07499588280916214]}, "gradients/graph_3taskmapper.out.weight": {"_type": "histogram", "values": [1.0, 0.0, 0.0, 0.0, 0.0, 0.0, 0.0, 1.0, 0.0, 0.0, 0.0, 0.0, 0.0, 0.0, 0.0, 0.0, 0.0, 0.0, 0.0, 0.0, 0.0, 0.0, 0.0, 0.0, 0.0, 0.0, 0.0, 1.0, 0.0, 0.0, 0.0, 0.0, 1.0, 0.0, 0.0, 0.0, 0.0, 0.0, 0.0, 0.0, 0.0, 0.0, 0.0, 0.0, 0.0, 0.0, 0.0, 0.0, 0.0, 0.0, 0.0, 0.0, 0.0, 0.0, 0.0, 0.0, 0.0, 1.0, 2.0, 0.0, 0.0, 0.0, 1.0, 8.0], "bins": [-0.03104710578918457, -0.03056199476122856, -0.030076883733272552, -0.029591772705316544, -0.029106661677360535, -0.028621550649404526, -0.028136439621448517, -0.027651328593492508, -0.0271662175655365, -0.02668110653758049, -0.02619599550962448, -0.025710884481668472, -0.025225773453712463, -0.024740662425756454, -0.024255551397800446, -0.023770440369844437, -0.023285329341888428, -0.02280021831393242, -0.02231510728597641, -0.0218299962580204, -0.021344885230064392, -0.020859774202108383, -0.020374663174152374, -0.019889552146196365, -0.019404441118240356, -0.018919330090284348, -0.01843421906232834, -0.01794910803437233, -0.01746399700641632, -0.016978885978460312, -0.016493774950504303, -0.016008663922548294, -0.015523552894592285, -0.015038441866636276, -0.014553330838680267, -0.014068219810724258, -0.01358310878276825, -0.01309799775481224, -0.012612886726856232, -0.012127775698900223, -0.011642664670944214, -0.011157553642988205, -0.010672442615032196, -0.010187331587076187, -0.009702220559120178, -0.00921710953116417, -0.00873199850320816, -0.008246887475252151, -0.007761776447296143, -0.007276665419340134, -0.006791554391384125, -0.006306443363428116, -0.005821332335472107, -0.005336221307516098, -0.004851110279560089, -0.00436599925160408, -0.0038808882236480713, -0.0033957771956920624, -0.0029106661677360535, -0.0024255551397800446, -0.0019404441118240356, -0.0014553330838680267, -0.0009702220559120178, -0.0004851110279560089, 0.0]}, "gradients/graph_3taskmapper.lins.1.bias": {"_type": "histogram", "values": [1.0, 0.0, 0.0, 0.0, 0.0, 0.0, 0.0, 0.0, 0.0, 0.0, 0.0, 0.0, 0.0, 0.0, 0.0, 0.0, 0.0, 0.0, 0.0, 0.0, 0.0, 0.0, 2.0, 0.0, 0.0, 0.0, 1.0, 0.0, 0.0, 0.0, 0.0, 0.0, 0.0, 0.0, 0.0, 0.0, 0.0, 0.0, 0.0, 0.0, 0.0, 0.0, 7.0, 0.0, 0.0, 1.0, 0.0, 0.0, 0.0, 1.0, 0.0, 0.0, 0.0, 0.0, 0.0, 2.0, 0.0, 0.0, 0.0, 0.0, 0.0, 0.0, 0.0, 1.0], "bins": [-0.018927250057458878, -0.018480414524674416, -0.018033580854535103, -0.01758674532175064, -0.01713990978896618, -0.016693076118826866, -0.016246240586042404, -0.015799405053257942, -0.01535257138311863, -0.014905736781656742, -0.01445890124887228, -0.014012066647410393, -0.013565232045948505, -0.013118397444486618, -0.012671561911702156, -0.012224727310240269, -0.011777891777455807, -0.01133105717599392, -0.010884221643209457, -0.01043738704174757, -0.009990552440285683, -0.00954371690750122, -0.009096882306039333, -0.008650047704577446, -0.008203212171792984, -0.007756377104669809, -0.007309542503207922, -0.006862707436084747, -0.00641587283462286, -0.005969037767499685, -0.005522202700376511, -0.005075368098914623, -0.004628532566130161, -0.004181697499006987, -0.0037348628975450993, -0.0032880278304219246, -0.0028411929961293936, -0.0023943581618368626, -0.001947523094713688, -0.0015006882604211569, -0.0010538534261286259, -0.0006070185336284339, -0.00016018364112824202, 0.0002866513095796108, 0.0007334861438721418, 0.0011803209781646729, 0.0016271560452878475, 0.0020739908795803785, 0.0025208257138729095, 0.0029676605481654406, 0.0034144953824579716, 0.0038613304495811462, 0.004308165051043034, 0.004755000118166208, 0.005201835185289383, 0.00564866978675127, 0.006095504853874445, 0.00654233992099762, 0.006989174522459507, 0.007436009589582682, 0.007882844656705856, 0.008329679258167744, 0.008776513859629631, 0.009223349392414093, 0.00967018399387598]}, "gradients/graph_3taskmapper.lins.1.weight": {"_type": "histogram", "values": [1.0, 0.0, 0.0, 0.0, 0.0, 0.0, 0.0, 0.0, 1.0, 2.0, 0.0, 0.0, 0.0, 0.0, 0.0, 1.0, 0.0, 0.0, 0.0, 1.0, 2.0, 0.0, 4.0, 0.0, 0.0, 0.0, 7.0, 0.0, 0.0, 6.0, 0.0, 5.0, 6.0, 3.0, 3.0, 1.0, 4.0, 1.0, 4.0, 10.0, 8.0, 220.0, 32.0, 15.0, 6.0, 7.0, 4.0, 5.0, 6.0, 2.0, 2.0, 5.0, 3.0, 2.0, 1.0, 1.0, 0.0, 0.0, 0.0, 2.0, 0.0, 0.0, 0.0, 1.0], "bins": [-0.0067261080257594585, -0.006565011106431484, -0.006403913721442223, -0.006242816802114248, -0.006081719882786274, -0.005920622497797012, -0.005759525578469038, -0.005598428659141064, -0.005437331274151802, -0.005276234354823828, -0.005115136969834566, -0.004954040050506592, -0.0047929431311786175, -0.004631846211850643, -0.0044707488268613815, -0.004309651907533407, -0.004148554988205433, -0.003987458068877459, -0.0038263609167188406, -0.0036652637645602226, -0.0035041668452322483, -0.0033430696930736303, -0.0031819725409150124, -0.003020875621587038, -0.00285977846942842, -0.002698681317269802, -0.0025375843979418278, -0.00237648724578321, -0.002215390093624592, -0.0020542931742966175, -0.0018931960221379995, -0.0017320989863947034, -0.00157100148499012, -0.0014099044492468238, -0.0012488074135035276, -0.0010877102613449097, -0.0009266132256016135, -0.0007655161898583174, -0.0006044190959073603, -0.00044332200195640326, -0.0002822249662131071, -0.0001211279013659805, 3.99691634811461e-05, 0.0002010662283282727, 0.0003621632931753993, 0.0005232603289186954, 0.0006843574228696525, 0.0008454545168206096, 0.0010065515525639057, 0.0011676485883072019, 0.001328745624050498, 0.001489842776209116, 0.0016509398119524121, 0.0018120368476957083, 0.0019731339998543262, 0.0021342309191823006, 0.0022953280713409185, 0.0024564252234995365, 0.002617522142827511, 0.002778619294986129, 0.0029397164471447468, 0.003100813366472721, 0.003261910518631339, 0.003423007670789957, 0.0035841045901179314]}, "gradients/graph_3taskmapper.lins.0.bias": {"_type": "histogram",