	train_cohort	test_cohort	ROC	PRC	F1	ACC	MCC	mode	best_C
0	Leave_CTLA4_out	CTLA4	0.6343490304709142	0.4829359624428596	0.5	0.6491228070175439	0.23145502494313785	CTL	0.1
1	Leave_PD1+CTLA4_out	PD1+CTLA4	0.7505376344086021	0.8623452909150902	0.6923076923076923	0.6521739130434783	0.3582342770241606	CTL	0.1
2	Leave_PD1_out	PD1	0.5500019070139975	0.37671906963687185	0.41688654353562005	0.5498981670061099	0.07031841124704695	CTL	0.1
3	Leave_PDL1_out	PDL1	0.6358525688756514	0.35702175938126646	0.42408376963350786	0.5856873822975518	0.1556942973424203	CTL	0.1
