	train_cohort	test_cohort	ROC	PRC	F1	ACC	MCC	mode	best_C
0	Leave_Atezo_out	Atezo	0.6112811791383221	0.30711503518964123	0.3812709030100334	0.6489563567362429	0.14073008809406762	NetBio	0.1
1	Leave_Ipi+Nivo_out	Ipi+Nivo	0.44285714285714284	0.7618285309461779	0.5	0.3684210526315789	-0.32756920994133026	NetBio	0.1
2	Leave_Ipi+Pembro_out	Ipi+Pembro	0.8055555555555555	0.8988721383582317	0.7999999999999999	0.76	0.5103545438827408	NetBio	0.1
3	Leave_Ipi_out	Ipi	0.5591715976331362	0.42778492900099235	0.47058823529411764	0.5384615384615384	0.1091089451179962	NetBio	0.1
4	Leave_Nivo_out	Nivo	0.5560432829726418	0.34517772379629175	0.3959390862944162	0.4590909090909091	0.019806993515666147	NetBio	0.1
5	Leave_Pembro_out	Pembro	0.6213876594636814	0.47869418317785817	0.4976076555023922	0.5945945945945946	0.16924561875307706	NetBio	0.1
6	Leave_Uknow_out	Uknow	0.6628787878787878	0.4709467634238801	0.6153846153846153	0.5588235294117647	0.37605071654517747	NetBio	0.1
