	train_cohort	test_cohort	ROC	PRC	F1	ACC	MCC	mode	best_C
0	Leave_CTLA4_out	CTLA4	0.574792243767313	0.41001180649498087	0.46511627906976744	0.5964912280701754	0.15075567228888181	CKS	0.1
1	Leave_PD1+CTLA4_out	PD1+CTLA4	0.8193548387096774	0.9188013035381772	0.7307692307692307	0.6956521739130435	0.45133471060106106	CKS	0.1
2	Leave_PD1_out	PD1	0.5287959113619893	0.3563549414314765	0.3882978723404255	0.5315682281059063	0.026123014214447685	CKS	0.1
3	Leave_PDL1_out	PDL1	0.6002233804914372	0.34012428405600276	0.4129353233830846	0.5555555555555556	0.1283306460816807	CKS	0.1
