	train_cohort	test_cohort	ROC	PRC	F1	ACC	MCC
0	Leave_CTLA4_out	CTLA4	0.7534626038781164	0.6153502137765003	0.6086956521739131	0.6842105263157895	0.37267799624996495
1	Leave_PD1+CTLA4_out	PD1+CTLA4	0.7978494623655913	0.8592056534498924	0.8214285714285714	0.782608695652174	0.5727700587448443
2	Leave_PD1_out	PD1	0.6723273198825279	0.5717272323788916	0.5219941348973607	0.6680244399185336	0.2721342618214488
3	Leave_PDL1_out	PDL1	0.7043838421444527	0.49854571506817763	0.5102639296187683	0.6854990583804144	0.30570364209310597
