	train_cohort	test_cohort	ROC	PRC	F1	ACC	MCC	mode	best_C
0	Leave_BLCA_out	BLCA	0.5360002773251985	0.2553499419768968	0.3344481605351171	0.5122549019607843	0.042492356595696605	IS	0.1
1	Leave_KIRC_out	KIRC	0.62965291750503	0.3557966963966357	0.4429530201342282	0.5808080808080808	0.15047668479833273	IS	0.1
2	Leave_LUAD_out	LUAD	0.6077302631578947	0.5273407414643457	0.45977011494252873	0.5392156862745098	0.07082755372521642	IS	0.1
3	Leave_SKCM_out	SKCM	0.5886538461538462	0.47607879717062906	0.5211267605633803	0.5878787878787879	0.16574838603294897	IS	0.1
4	Leave_STAD_out	STAD	0.8232323232323231	0.756882476076555	0.625	0.7333333333333333	0.47193990372426947	IS	0.1
