	train_cohort	test_cohort	ROC	PRC	F1	ACC	MCC	mode	best_C
0	Leave_BLCA_out	BLCA	0.5967344957881235	0.2808995384894729	0.36823104693140796	0.571078431372549	0.11247920664299461	CTL	0.1
1	Leave_KIRC_out	KIRC	0.6734154929577465	0.3781075039038141	0.5211267605633803	0.6565656565656566	0.28679877950798754	CTL	0.1
2	Leave_LUAD_out	LUAD	0.6171875	0.4738980217597379	0.5348837209302326	0.6078431372549019	0.20790800882019658	CTL	0.1
3	Leave_SKCM_out	SKCM	0.6071923076923078	0.5103500402582649	0.49446494464944646	0.5848484848484848	0.14360338178548976	CTL	0.1
4	Leave_STAD_out	STAD	0.7676767676767676	0.6250148063517863	0.5161290322580646	0.6666666666666666	0.2984440079997103	CTL	0.1
