,train_cindex,test_cindex
0,0.6430999444095106,0.6266983695652174
