	train_cohort	test_cohort	ROC	PRC	F1	ACC	MCC
1	Leave_Ipi+Nivo_out	Ipi+Nivo	0.6428571428571428	0.7473553290780182	0.6666666666666666	0.5789473684210527	0.1511857892036908
2	Leave_Ipi+Pembro_out	Ipi+Pembro	0.8680555555555557	0.9018830750318522	0.9032258064516128	0.88	0.7484551991837488
3	Leave_Ipi_out	Ipi	0.819526627218935	0.731927208969554	0.6451612903225806	0.717948717948718	0.4364357804719848
4	Leave_Nivo_out	Nivo	0.6644038383013475	0.4634144380555131	0.5033112582781456	0.6590909090909091	0.2659310413524489
5	Leave_Pembro_out	Pembro	0.7242254621192398	0.6029652509900492	0.5066666666666666	0.7142857142857143	0.3366875153185844
6	Leave_Uknow_out	Uknow	0.7083333333333333	0.6021235874805965	0.5517241379310345	0.6176470588235294	0.2461829819586654
0	Leave_Atezo_out	Atezo	0.6675170068027211	0.4492989479568824	0.4702194357366772	0.6793168880455408	0.2541019872697046
