	train_cohort	test_cohort	ROC	PRC	F1	ACC	MCC	mode	best_C
0	Leave_BLCA_out	BLCA	0.5797483273823968	0.2773264064589807	0.37735849056603776	0.5147058823529411	0.1110457022002413	PDL1	0.1
1	Leave_KIRC_out	KIRC	0.5879024144869215	0.3460025859770622	0.4509803921568627	0.43434343434343436	0.1068955944686635	PDL1	0.1
2	Leave_LUAD_out	LUAD	0.6134868421052632	0.5277488799890673	0.5476190476190477	0.6274509803921569	0.2389166790144175	PDL1	0.1
3	Leave_SKCM_out	SKCM	0.5908076923076923	0.5169194366336027	0.40191387559808617	0.6212121212121212	0.15810928263144886	PDL1	0.1
4	Leave_STAD_out	STAD	0.7904040404040403	0.550174113185994	0.6428571428571429	0.7777777777777778	0.49690460347332066	PDL1	0.1
