,train_cindex,test_cindex
0,0.6829519461227912,0.6514945652173914
