	train_cohort	test_cohort	ROC	PRC	F1	ACC	MCC	mode	best_C
0	Leave_Atezo_out	Atezo	0.6194822373393802	0.36021303286719275	0.4298507462686567	0.6375711574952562	0.18602756115849753	GEP	0.1
1	Leave_Ipi+Nivo_out	Ipi+Nivo	0.7285714285714285	0.9075663607977849	0.8125000000000001	0.6842105263157895	-0.14085904245475275	GEP	0.1
2	Leave_Ipi+Pembro_out	Ipi+Pembro	0.8680555555555555	0.9313868976894577	0.8387096774193549	0.8	0.5783517448238059	GEP	0.1
3	Leave_Ipi_out	Ipi	0.6775147928994083	0.44335761765167303	0.5945945945945945	0.6153846153846154	0.33541019662496846	GEP	0.1
4	Leave_Nivo_out	Nivo	0.5658432013066559	0.3764618198526743	0.40211640211640215	0.4863636363636364	0.04518232199544373	GEP	0.1
5	Leave_Pembro_out	Pembro	0.6225592293673522	0.4653741504772013	0.5236051502145923	0.5714285714285714	0.17681662604900836	GEP	0.1
6	Leave_Uknow_out	Uknow	0.6439393939393939	0.5732956728376987	0.46153846153846156	0.38235294117647056	-0.08058229640253803	GEP	0.1
