	train_cohort	test_cohort	ROC	PRC	F1	ACC	MCC	mode	best_C
0	Leave_Atezo_out	Atezo	0.449395313681028	0.2303946874384353	0.2729805013927577	0.5047438330170778	-0.07370079254360275	NRS	0.1
1	Leave_Ipi+Nivo_out	Ipi+Nivo	0.3857142857142857	0.7243531221223614	0.5454545454545454	0.47368421052631576	0.025482359571881278	NRS	0.1
2	Leave_Ipi+Pembro_out	Ipi+Pembro	0.8541666666666667	0.9320930847457065	0.7692307692307693	0.76	0.6123724356957945	NRS	0.1
3	Leave_Ipi_out	Ipi	0.3846153846153846	0.26362685276782044	0.35294117647058826	0.4358974358974359	-0.1091089451179962	NRS	0.1
4	Leave_Nivo_out	Nivo	0.49050632911392406	0.284058747659088	0.35365853658536583	0.5181818181818182	0.005157301831217631	NRS	0.1
5	Leave_Pembro_out	Pembro	0.4716219734444155	0.34343064021424363	0.39436619718309857	0.5019305019305019	-0.01585803379407778	NRS	0.1
6	Leave_Uknow_out	Uknow	0.4318181818181818	0.32551473366104444	0.4666666666666666	0.5294117647058824	0.07978559231302818	NRS	0.1
