,train_cindex,test_cindex
0,0.6633102907336619,0.591044776119403
