,ROC,PRC,F1,ACC,MCC,cohort,mode
0,0.539612676056338,0.19939651607912992,0.34615384615384615,0.6091954022988506,0.14333255460505337,"Rose
(n = 87)","Pretrained concepts without
Genome integrity (p=43)"
1,0.48817442719881754,0.36571710504358923,0.4835164835164836,0.5607476635514018,0.10946801864105482,"Liu
(n = 107)","Pretrained concepts without
Genome integrity (p=43)"
2,0.619996187571483,0.3246969088023666,0.4000000000000001,0.5879828326180258,0.12010766190988424,"IMVigor210
(n = 233)","Pretrained concepts without
Genome integrity (p=43)"
3,0.5492957746478874,0.20489191745407667,0.3529411764705882,0.6206896551724138,0.1550886456351747,"Rose
(n = 87)",Pretrained concepts (p=44)
4,0.49297856614929786,0.369786782416778,0.5,0.5700934579439252,0.13309407626666037,"Liu
(n = 107)",Pretrained concepts (p=44)
5,0.6214258482653451,0.3240982074004368,0.4076433121019108,0.6008583690987125,0.13620559307974792,"IMVigor210
(n = 233)",Pretrained concepts (p=44)
6,0.7526408450704226,0.488778172500524,0.4888888888888889,0.735632183908046,0.3566520772760929,"Rose
(n = 87)","Pretrained concepts combine with
TMB feature (p=45)"
7,0.5487804878048781,0.4135055856916545,0.3636363636363636,0.6074766355140186,0.10996612900616035,"Liu
(n = 107)","Pretrained concepts combine with
TMB feature (p=45)"
8,0.7273160503240564,0.49644671634420434,0.5034965034965034,0.6952789699570815,0.29707247397196046,"IMVigor210
(n = 233)","Pretrained concepts combine with
TMB feature (p=45)"
