	train_cohort	test_cohort	ROC	PRC	F1	ACC	MCC	mode	best_C
0	Leave_CTLA4_out	CTLA4	0.6939058171745153	0.5876102369421965	0.5172413793103449	0.5087719298245614	0.16012815380508713	PGM	0.30000000000000004
1	Leave_PD1+CTLA4_out	PD1+CTLA4	0.6580645161290322	0.7594911568414032	0.7575757575757576	0.6521739130434783	0.1536230967599611	PGM	0.30000000000000004
2	Leave_PD1_out	PD1	0.6222205270986689	0.45374748358846817	0.474820143884892	0.5539714867617108	0.13879249416242503	PGM	0.8
3	Leave_PDL1_out	PDL1	0.555584512285927	0.2979045823219557	0.32974910394265233	0.647834274952919	0.09118071821530656	PGM	0.30000000000000004
