	ROC	PRC	F1	ACC	cohort	mode	seed
Test	0.6886363636363636	0.7352029662365392	0.6329113924050633	0.6027397260273972	Gide	NetBio	
