	train_cohort	test_cohort	ROC	PRC	F1	ACC	MCC
0	Leave_BLCA_out	BLCA	0.6642631816133393	0.43617569011811624	0.419889502762431	0.7426470588235294	0.2545480732141887
1	Leave_KIRC_out	KIRC	0.6408450704225352	0.4407145762845006	0.3132530120481928	0.7121212121212122	0.1752695185825625
2	Leave_LUAD_out	LUAD	0.7532894736842105	0.664125476456606	0.6666666666666667	0.7843137254901961	0.525660503216033
3	Leave_SKCM_out	SKCM	0.7230384615384615	0.6097685241080383	0.6525679758308158	0.6515151515151515	0.3662696716246303
4	Leave_STAD_out	STAD	0.8888888888888888	0.8066811660561662	0.6896551724137931	0.8	0.5666097426433516
