	train_cohort	test_cohort	ROC	PRC	F1	ACC	MCC	mode	best_C
0	Leave_CTLA4_out	CTLA4	0.6191135734072022	0.4403422780984814	0.47368421052631576	0.6491228070175439	0.21052631578947367	GeneBio	0.1
1	Leave_PD1+CTLA4_out	PD1+CTLA4	0.7440860215053764	0.8677810219367585	0.679245283018868	0.6304347826086957	0.29465201681536035	GeneBio	0.1
2	Leave_PD1_out	PD1	0.5506502917731416	0.37274610739418185	0.42777777777777776	0.5804480651731161	0.1072078458736076	GeneBio	0.1
3	Leave_PDL1_out	PDL1	0.5873231571109456	0.32574030672412024	0.4123711340206186	0.4632768361581921	0.09648383892523256	GeneBio	0.9
