	train_cohort	test_cohort	ROC	PRC	F1	ACC	MCC	mode	best_C
0	Leave_BLCA_out	BLCA	0.510642354490935	0.2352058395484694	0.34430379746835443	0.36519607843137253	0.0026490258620356913	CTLA4	0.1
1	Leave_KIRC_out	KIRC	0.6402162977867203	0.363724333277367	0.4878048780487805	0.5757575757575758	0.2129288586824849	CTLA4	0.1
2	Leave_LUAD_out	LUAD	0.6348684210526315	0.4962943447717439	0.5686274509803922	0.5686274509803921	0.21628289473684212	CTLA4	0.1
3	Leave_SKCM_out	SKCM	0.5983653846153846	0.4753479776740561	0.3068181818181818	0.6303030303030303	0.15898013465950703	CTLA4	0.1
4	Leave_STAD_out	STAD	0.6565656565656565	0.3459863752248608	0.4166666666666667	0.6888888888888889	0.20454545454545456	CTLA4	0.1
