	train_cohort	test_cohort	ROC	PRC	F1	ACC	MCC
0	Leave_BLCA_out	BLCA	0.6766214857697508	0.4571619656430898	0.45026178010471196	0.7426470588235294	0.2832843216021661
1	Leave_KIRC_out	KIRC	0.6609657947686116	0.46967918092758554	0.47058823529411764	0.7272727272727273	0.29182332101401687
2	Leave_LUAD_out	LUAD	0.7738486842105263	0.6958962171187721	0.576271186440678	0.7549019607843137	0.46019501151311265
3	Leave_SKCM_out	SKCM	0.702	0.6176787315587469	0.5951557093425606	0.6454545454545455	0.28998203061850863
4	Leave_STAD_out	STAD	0.9368686868686869	0.8680535668035668	0.6666666666666666	0.8444444444444444	0.577896743774047
