	train_cohort	test_cohort	ROC	PRC	F1	ACC	MCC
0	Leave_CTLA4_out	CTLA4	0.8587257617728531	0.8005988205751451	0.6666666666666666	0.7192982456140351	0.47147708363619184
1	Leave_PD1+CTLA4_out	PD1+CTLA4	0.7473118279569892	0.8437849356421647	0.7666666666666667	0.6956521739130435	0.332083416337915
2	Leave_PD1_out	PD1	0.7024009306228307	0.5965170655094831	0.5395894428152493	0.6802443991853361	0.2991988602728021
3	Leave_PDL1_out	PDL1	0.7105733432613552	0.4977775357124438	0.5066666666666667	0.7212806026365348	0.31746976221238526
