	train_cohort	test_cohort	ROC	PRC	F1	ACC	MCC
0	Leave_BLCA_out	BLCA	0.6851319027975179	0.4762244012493986	0.4553571428571429	0.7009803921568627	0.2679947465901577
1	Leave_KIRC_out	KIRC	0.6551810865191148	0.40740643533751003	0.3488372093023256	0.7171717171717171	0.2037681283453021
2	Leave_LUAD_out	LUAD	0.7602796052631579	0.7304743205368383	0.6666666666666667	0.7549019607843137	0.47302783668791637
3	Leave_SKCM_out	SKCM	0.7487692307692309	0.6291778782955372	0.6603773584905661	0.6727272727272727	0.387539497031924
4	Leave_STAD_out	STAD	0.9595959595959596	0.8713250869500869	0.75	0.8666666666666667	0.6590909090909091
