	train_cohort	test_cohort	ROC	PRC	F1	ACC	MCC	mode	best_C
0	Leave_CTLA4_out	CTLA4	0.6177285318559558	0.4323410549825153	0.47619047619047616	0.6140350877192983	0.17700260809846077	Teff	0.1
1	Leave_PD1+CTLA4_out	PD1+CTLA4	0.7978494623655914	0.903625940769563	0.6923076923076923	0.6521739130434783	0.3582342770241606	Teff	0.1
2	Leave_PD1_out	PD1	0.5523856745108509	0.38866316847233273	0.3924731182795699	0.539714867617108	0.03743119253817636	Teff	0.1
3	Leave_PDL1_out	PDL1	0.6426098287416231	0.3647723747667607	0.4392764857881137	0.591337099811676	0.17900671535202492	Teff	0.1
