	train_cohort	test_cohort	ROC	PRC	F1	ACC	MCC	mode	best_C
0	Leave_BLCA_out	BLCA	0.5700419454362672	0.26560257241696	0.3617021276595745	0.5588235294117647	0.09910994305611993	CKS	0.1
1	Leave_KIRC_out	KIRC	0.6227364185110664	0.34935354143768604	0.48	0.6060606060606061	0.2114107786977683	CKS	0.1
2	Leave_LUAD_out	LUAD	0.6101973684210527	0.5103780212094062	0.5057471264367815	0.5784313725490197	0.1520007051855768	CKS	0.1
3	Leave_SKCM_out	SKCM	0.5907692307692307	0.455374022755191	0.4848484848484848	0.5878787878787879	0.14159066295779682	CKS	0.1
4	Leave_STAD_out	STAD	0.8055555555555555	0.6692514737154831	0.5806451612903226	0.7111111111111111	0.400186283454157	CKS	0.1
