	train_cohort	test_cohort	ROC	PRC	F1	ACC	MCC	mode	best_C
0	Leave_Atezo_out	Atezo	0.5861489040060469	0.33173046451452887	0.4037558685446009	0.5180265654648957	0.1001402709455362	IS	0.1
1	Leave_Ipi+Nivo_out	Ipi+Nivo	0.6285714285714286	0.8538201711797464	0.6666666666666666	0.5789473684210527	0.15118578920369088	IS	0.1
2	Leave_Ipi+Pembro_out	Ipi+Pembro	0.8819444444444445	0.9398655991780277	0.7857142857142857	0.76	0.5537765319092597	IS	0.1
3	Leave_Ipi_out	Ipi	0.6331360946745562	0.3913046882184203	0.5161290322580646	0.6153846153846154	0.2182178902359924	IS	0.1
4	Leave_Nivo_out	Nivo	0.5188852592895059	0.31633984445066166	0.3352601156069364	0.4772727272727273	-0.04611100528496999	IS	0.1
5	Leave_Pembro_out	Pembro	0.5363186670137985	0.44410061269726353	0.4394618834080718	0.5173745173745173	0.03981145739331227	IS	0.1
6	Leave_Uknow_out	Uknow	0.5303030303030303	0.4502177504461016	0.4666666666666666	0.5294117647058824	0.07978559231302818	IS	0.1
