	train_cohort	test_cohort	ROC	PRC	F1	ACC	MCC
0	~SU2CLC1(1K)	SU2CLC1(Pembro)	0.8478260869565217	0.8375873655913978	0.7	0.8181818181818182	0.5695652173913044
