,train_cindex,test_cindex
0,0.7010656856453319,0.5951826377661469
