	train_cohort	test_cohort	ROC	PRC	F1	ACC	MCC	mode	best_C
0	Leave_BLCA_out	BLCA	0.5327590390681873	0.2447112331715292	0.3558282208588957	0.4852941176470588	0.06654830757972992	IMPRES	0.1
1	Leave_KIRC_out	KIRC	0.565580985915493	0.35504260058701087	0.4311377245508982	0.5202020202020202	0.1040723921029831	IMPRES	0.1
2	Leave_LUAD_out	LUAD	0.5731907894736843	0.45170432617929845	0.5593220338983051	0.49019607843137253	0.15757215727660717	IMPRES	0.1
3	Leave_SKCM_out	SKCM	0.6022115384615385	0.5038835669880705	0.4878048780487805	0.5545454545454546	0.10122615207206319	IMPRES	0.1
4	Leave_STAD_out	STAD	0.4217171717171717	0.2020054141764668	0.2580645161290323	0.4888888888888889	-0.10852509381807648	IMPRES	0.1
