	train_cohort	test_cohort	ROC	PRC	F1	ACC	MCC
0	~SU2CLC1(1K)	SU2CLC1(Pembro)	0.8434782608695653	0.8330212046939988	0.7499999999999999	0.8787878787878788	0.7149203529842406
