	train_cohort	test_cohort	ROC	PRC	F1	ACC	MCC
0	~SU2CLC1(Pembro)	SU2CLC1(Pembro)	0.5826086956521739	0.42971434719933	0.4	0.5454545454545454	0.0601929265428846
