	train_cohort	test_cohort	ROC	PRC	F1	ACC	MCC	mode	best_C
0	Leave_BLCA_out	BLCA	0.5612368703851354	0.2575673033316126	0.3597122302158273	0.34558823529411764	0.033634178348049805	IFNG	0.1
1	Leave_KIRC_out	KIRC	0.6673792756539236	0.3754088198393155	0.47161572052401746	0.3888888888888889	0.17119949182350994	IFNG	0.1
2	Leave_LUAD_out	LUAD	0.6175986842105263	0.4961916295675634	0.5	0.6666666666666666	0.2591658557554866	IFNG	0.1
3	Leave_SKCM_out	SKCM	0.6066923076923078	0.5144262823590898	0.32608695652173914	0.6242424242424243	0.146303391191891	IFNG	0.1
4	Leave_STAD_out	STAD	0.8055555555555555	0.627120666040977	0.4583333333333333	0.4222222222222222	0.17588161767036212	IFNG	0.1
