	train_cohort	test_cohort	ROC	PRC	F1	ACC	MCC
0	~SU2CLC1(Pembro)	SU2CLC1(Pembro)	0.873913043478261	0.8718489407257156	0.8235294117647058	0.9090909090909091	0.7869121737721239
