	train_cohort	test_cohort	ROC	PRC	F1	ACC	MCC	mode	best_C
0	Leave_CTLA4_out	CTLA4	0.6385041551246537	0.44657653007757303	0.47619047619047616	0.6140350877192983	0.17700260809846077	CIS	0.1
1	Leave_PD1+CTLA4_out	PD1+CTLA4	0.6967741935483871	0.7953463182425422	0.679245283018868	0.6304347826086957	0.29465201681536035	CIS	0.1
2	Leave_PD1_out	PD1	0.5419924482245699	0.36927700406833347	0.37566137566137564	0.5193482688391039	0.0029318569024275984	CIS	0.1
3	Leave_PDL1_out	PDL1	0.6211280714817573	0.35765223068632374	0.441025641025641	0.5894538606403014	0.18090815559123868	CIS	0.1
