	train_cohort	test_cohort	ROC	PRC	F1	ACC	MCC
1	Leave_Ipi+Nivo_out	Ipi+Nivo	0.6142857142857143	0.8111548095805614	0.6666666666666666	0.5789473684210527	0.1511857892036908
2	Leave_Ipi+Pembro_out	Ipi+Pembro	0.8368055555555556	0.8817593975595979	0.8666666666666666	0.84	0.6782343280546951
3	Leave_Ipi_out	Ipi	0.8698224852071006	0.8386573690521262	0.7407407407407408	0.8205128205128205	0.6047431568147636
4	Leave_Nivo_out	Nivo	0.6641996733360556	0.4870742286079435	0.5371428571428571	0.6318181818181818	0.3063445064272876
5	Leave_Pembro_out	Pembro	0.7209711012757094	0.651120049251902	0.489795918367347	0.7104247104247104	0.3247645507516262
6	Leave_Uknow_out	Uknow	0.7575757575757576	0.7355865906377416	0.6	0.6470588235294118	0.3263956049169334
0	Leave_Atezo_out	Atezo	0.6939909297052154	0.5013259336096736	0.5095541401273885	0.7077798861480076	0.3134193429088066
