	train_cohort	test_cohort	ROC	PRC	F1	ACC	MCC	mode	best_C
0	Leave_BLCA_out	BLCA	0.5225846708496551	0.2388665637003983	0.3069767441860465	0.6348039215686274	0.06839685832722221	MIAS	0.1
1	Leave_KIRC_out	KIRC	0.6505281690140845	0.39132560077335354	0.4409448818897638	0.2828282828282828	0.0	MIAS	0.1
2	Leave_LUAD_out	LUAD	0.6143092105263157	0.4819408092550696	0.5343511450381679	0.4019607843137255	0.025232366634468335	MIAS	0.1
3	Leave_SKCM_out	SKCM	0.6399615384615385	0.5488053566043771	0.4866920152091255	0.5909090909090909	0.14674157172431312	MIAS	0.1
4	Leave_STAD_out	STAD	0.7196969696969697	0.43543097934988473	0.4074074074074074	0.28888888888888886	-0.040291148201269014	MIAS	0.1
