	train_cohort	test_cohort	ROC	PRC	F1	ACC	MCC	mode	best_C
0	Leave_Atezo_out	Atezo	0.5999055177626605	0.3447078508681064	0.41875	0.6470588235294118	0.17859102186114056	PD1	0.1
1	Leave_Ipi+Nivo_out	Ipi+Nivo	0.5571428571428572	0.8355692752502791	0.6086956521739131	0.5263157894736842	0.08819171036881969	PD1	0.1
2	Leave_Ipi+Pembro_out	Ipi+Pembro	0.78125	0.8733927342283321	0.4	0.52	0.32732683535398854	PD1	0.1
3	Leave_Ipi_out	Ipi	0.6301775147928994	0.39654798560576815	0.41379310344827586	0.5641025641025641	0.07372097807744857	PD1	0.1
4	Leave_Nivo_out	Nivo	0.5376173948550429	0.33339637269692596	0.34013605442176875	0.5590909090909091	0.02169337385049149	PD1	0.1
5	Leave_Pembro_out	Pembro	0.5294845092423849	0.3712446139652251	0.4566210045662101	0.5405405405405406	0.07888469130162659	PD1	0.1
6	Leave_Uknow_out	Uknow	0.4507575757575758	0.42945622131981154	0.26666666666666666	0.6764705882352942	0.20422388828466229	PD1	0.1
