	train_cohort	test_cohort	ROC	PRC	F1	ACC	MCC	mode	best_C
0	Leave_CTLA4_out	CTLA4	0.49445983379501385	0.40626088654468073	0.4081632653061224	0.49122807017543857	0.0	CAF	0.1
1	Leave_PD1+CTLA4_out	PD1+CTLA4	0.4021505376344086	0.6650300678663021	0.5098039215686274	0.45652173913043476	-0.04473985091301463	CAF	0.1
2	Leave_PD1_out	PD1	0.5609290972195736	0.3659249884937027	0.4223300970873786	0.515274949083503	0.04774299089290463	CAF	0.1
3	Leave_PDL1_out	PDL1	0.5563663440059567	0.2707830091810093	0.4103896103896104	0.5725047080979284	0.13163997602812222	CAF	0.1
