	train_cohort	test_cohort	ROC	PRC	F1	ACC	MCC	mode	best_C
0	Leave_Atezo_out	Atezo	0.5720899470899471	0.3089374722587626	0.4182692307692307	0.540796963946869	0.13084749558164108	MIAS	0.1
1	Leave_Ipi+Nivo_out	Ipi+Nivo	0.5285714285714286	0.8037900046842439	0.8484848484848484	0.7368421052631579	0.0	MIAS	0.1
2	Leave_Ipi+Pembro_out	Ipi+Pembro	0.8055555555555556	0.7741008864823686	0.8823529411764706	0.84	0.6458813346216923	MIAS	0.1
3	Leave_Ipi_out	Ipi	0.6272189349112427	0.40861080840182673	0.5294117647058824	0.5897435897435898	0.2182178902359924	MIAS	0.1
4	Leave_Nivo_out	Nivo	0.5831972233564722	0.4086556157453342	0.45348837209302323	0.5727272727272728	0.16165740180199098	MIAS	0.1
5	Leave_Pembro_out	Pembro	0.5793413173652694	0.43185059307705204	0.5176470588235295	0.525096525096525	0.13530813744261	MIAS	0.1
6	Leave_Uknow_out	Uknow	0.6553030303030304	0.590692579457789	0.5142857142857143	0.5	0.11608043601255663	MIAS	0.1
