	train_cohort	test_cohort	ROC	PRC	F1	ACC	MCC	mode	best_C
0	Leave_CTLA4_out	CTLA4	0.6080332409972299	0.4460726506853924	0.5	0.5087719298245614	0.12996881122750908	NetBio	0.1
1	Leave_PD1+CTLA4_out	PD1+CTLA4	0.6688172043010753	0.8256598891860563	0.6274509803921569	0.5869565217391305	0.2359010320868044	NetBio	0.1
2	Leave_PD1_out	PD1	0.5655631412334566	0.35490578644709836	0.4830339321357286	0.4725050916496945	0.10492380201179906	NetBio	0.1
3	Leave_PDL1_out	PDL1	0.6121183916604617	0.3077619356955595	0.37748344370860926	0.6459510357815442	0.13480758638985288	NetBio	0.1
