	train_cohort	test_cohort	ROC	PRC	F1	ACC	MCC	mode	best_C
0	Leave_BLCA_out	BLCA	0.5886227337331438	0.28021621243815253	0.375886524822695	0.5686274509803921	0.12270892570385669	ICA	0.1
1	Leave_KIRC_out	KIRC	0.6742957746478874	0.38544089491811984	0.5070422535211269	0.6464646464646465	0.2641748120408236	ICA	0.1
2	Leave_LUAD_out	LUAD	0.5941611842105263	0.45180399130725785	0.5227272727272727	0.5882352941176471	0.17736437767949806	ICA	0.1
3	Leave_SKCM_out	SKCM	0.599	0.4867164329738212	0.4740740740740741	0.5696969696969697	0.11103383984926166	ICA	0.1
4	Leave_STAD_out	STAD	0.7348484848484849	0.6018607237864719	0.4705882352941177	0.6	0.21446102713439583	ICA	0.1
