	train_cohort	test_cohort	ROC	PRC	F1	ACC	MCC
0	~SU2CLC1(Pembro)	SU2CLC1(Pembro)	0.7913043478260869	0.7066130680672423	0.5806451612903225	0.6060606060606061	0.36137247005243944
